"County Code","County Name","District Code","District Name","Total Enrollment","White","Black","Hispanic","Asian","Native American","Hawaiian Native","Two Or More Races","%Free Lunch","%Reduced Lunch","Pre-K","Kindergarten","First Grade","Second Grade","Third Grade","Fourth Grade","Fifth Grade","Sixth Grade","Seventh Grade","Eighth Grade","Ninth Grade","Tenth Grade","Eleventh Grade","Twelfth Grade"
"01","Atlantic","0010","Absecon City",-2.2,-6.7,1.5,5.6,9.6,NA,-100,-10.6,-0.400000000000006,-0.8,-22.6,-13.5,19,-26.9,27.4,6,-6.7,-1.1,3.3,3.3,NA,NA,NA,NA
"01","Atlantic","0110","Atlantic City",-4.9,-12.3,-3.5,-4.4,-6.1,-50,-10.6,-8.9,-6.09999999999999,-0.6,-32.3,-25.4,6.9,-17.5,4.4,-7.2,-4.8,-6,4.3,-1.9,-6.1,6.2,6.6,6.6
"01","Atlantic","0120","Atlantic Co Vocational",-0.1,-1.3,-15.4,4.6,18.6,-16.7,-10,28,-4.8,-0.4,NA,NA,NA,NA,NA,NA,NA,NA,NA,NA,2.1,6.7,-5.6,2
"01","Atlantic","0125","Atlantic Co Special Serv",-5,-12.8,-2.4,4.9,-21.4,0,0,-33.3,3.8,1.6,0,NA,-100,166.7,33.3,-40,200,-40,100,-20,-50,-40,25,-38.1
"01","Atlantic","0570","Brigantine City",-14.8,-13,-30.8,-16.2,-20,NA,NA,NA,-3.6,-1.3,-13.8,-26.1,-25.5,0,-17,-2.4,-27.7,-35.4,31.8,-21.4,NA,NA,NA,NA
"01","Atlantic","0590","Buena Regional",-2.3,-3.2,-14.5,3.9,5,50,100,70,-1.09999999999999,0.300000000000001,-7.1,-8.3,8.1,14.1,4.4,-6.3,-5.8,3.9,4.8,-26.3,23.7,-18.6,10.2,-11
"01","Atlantic","1300","Egg Harbor City",6.7,9.1,1.6,8.2,11.1,NA,NA,6.9,-9.3,-0.5,-31.1,-6.5,16.3,-3.8,40.5,-4.7,0,25.6,-31.5,61.8,NA,NA,NA,NA
"01","Atlantic","1310","Egg Harbor Twp",-2.6,-4.2,-3.5,-2.4,-0.1,-12.5,33.3,2.9,-0.800000000000004,-0.6,-12.4,8.9,-15.5,-1.2,-1.7,-1.5,-16.3,6.1,-7.9,9.7,-12.9,11.6,-1.2,-5.3
"01","Atlantic","1410","Estell Manor City",-3.1,-2.2,0,-14.3,NA,NA,0,-33.3,-7.8,0.1,NA,-18.2,-4.5,4.8,0,5,11.1,-22.7,-15.4,13,NA,NA,NA,NA
"01","Atlantic","1540","Folsom Boro",-0.3,-1.5,11.1,16,33.3,NA,NA,-16.7,-2,-1.5,-31.2,2.9,0,-18.6,5,-2.3,0,6.7,2.3,15,NA,NA,NA,NA
"01","Atlantic","1690","Galloway Twp",-3.9,-0.8,25.4,-20,15.4,175,166.7,-77.4,-3.1,-2.3,-8.5,-5,0,3.8,-19,12.2,-14.8,2.6,-6.1,-0.8,NA,NA,NA,NA
"01","Atlantic","1790","Greater Egg Harbor Reg",-0.9,-2.2,1.1,0,-4,0,-50,12.6,-0.199999999999996,-0.699999999999999,NA,NA,NA,NA,NA,NA,NA,NA,NA,NA,-4.1,-8.3,13.4,-2.9
"01","Atlantic","1940","Hamilton Twp",-5.5,-9.2,-6.4,-0.9,-12.3,NA,0,9.5,-7.1,-1,-20.1,-14,-12.5,4.7,-12.6,4.7,-13.7,6,-6,6.3,NA,NA,NA,NA
"01","Atlantic","1960","Hammonton Town",-3.2,-2.7,-17.8,-2.4,0,0,100,-8.5,-14.8,-0.0999999999999996,-27.5,1.2,13.2,-16.9,-2.4,0,-20,14.3,-11.5,3.2,-12.7,1.2,-2.7,2.8
"01","Atlantic","2680","Linwood City",-1.7,-4,0,5.1,21.6,NA,-100,2.4,0.700000000000001,-0.6,-3.6,9.3,-9.8,2.5,-9.2,2.4,0,-3.3,-19.4,18.9,NA,NA,NA,NA
"01","Atlantic","2910","Mainland Regional",0,-0.7,-4.9,-2.2,6,NA,NA,17.5,4,1.6,NA,NA,NA,NA,NA,NA,NA,NA,NA,NA,0.7,-0.7,-4.2,9.6
"01","Atlantic","3020","Margate City",6.1,6.1,-50,66.7,-50,-50,0,-10,-0.9,-0.6,NA,-2.3,104.8,-24.4,58.6,-9.1,-17.8,0,-9.6,34.2,NA,NA,NA,NA
"01","Atlantic","3480","Mullica Twp",-7.7,-9.4,12.5,-8.4,0,-50,NA,20,0.5,-0.3,-26.8,-25.7,15.7,-4.2,-36.8,-2.9,-22.9,-5.1,-12.5,2.4,NA,NA,NA,NA
"01","Atlantic","3720","Northfield City",-5.8,-9.2,-6.2,13.8,-14.8,NA,100,14.8,-0.699999999999999,0.8,-20,-31.9,13,-19.6,-6.2,3.1,-9.4,10.2,-6.7,-2.8,NA,NA,NA,NA
"01","Atlantic","4180","Pleasantville City",-2.5,-10.9,-3,-2,-10.2,100,-21.1,4.5,-5.09999999999999,0.0999999999999996,-26.2,-14.9,6.1,-8,-9.1,8,-8.7,10.1,7.8,-13.5,24.5,-19.5,28.3,-12.6
"01","Atlantic","4240","Port Republic City",1,2,0,NA,NA,NA,NA,-100,-4.8,-1,NA,28.6,-42.9,15.4,27.3,0,-33.3,-14.3,8.3,100,NA,NA,NA,NA
"01","Atlantic","4800","Somers Point City",-7.8,-16.3,-6.1,0.4,-5,25,0,1.5,-1.1,-1.1,-23.5,-21.8,-8,-29,19.5,-23.2,20.3,-10.7,1.3,-11.6,NA,NA,NA,NA
"01","Atlantic","5350","Ventnor City",-4.7,-9.1,9.1,-5.6,8.7,0,NA,4.2,-12,1.7,-22.2,-6.3,5.6,-7.4,-8.3,-6.7,-14.3,9.8,-28.9,48.1,NA,NA,NA,NA
"01","Atlantic","5760","Weymouth Twp",-7.1,-8.7,-25,-5.6,100,NA,NA,66.7,-6.3,-2.9,27.3,-50,-25,63.6,-21.4,-52,130,-33.3,23.1,-7.1,NA,NA,NA,NA
"03","Bergen","0040","Allendale Boro",-1.5,-0.3,-22.2,-4.1,-7.9,NA,0,9.5,0.1,0,-28,-12.3,42.2,-23.6,4.4,-23.7,14.1,15.4,-5,-2.8,NA,NA,NA,NA
"03","Bergen","0080","Alpine Boro",-1.3,-1.2,-22.2,-20,9.1,NA,NA,0,0,0,NA,45.5,0,-11.1,-40,80,-15.4,-45.5,22.2,5.9,NA,NA,NA,NA
"03","Bergen","0285","Bergen Co Special Service",3.5,-2,28.4,5.2,-5.2,-100,100,-27.3,-0.5,1.1,8.3,-20,14.3,-50,166.7,80,-30,33.3,-23.1,116.7,-40,0,-52.9,13.5
"03","Bergen","0290","Bergen County Vocational Technical School District",2.4,-0.2,-1.3,4.2,6.6,0,-33.3,-100,-3.5,-1,NA,NA,NA,NA,NA,NA,NA,NA,NA,NA,3.9,3,1.1,1.8
"03","Bergen","0300","Bergenfield Boro",0.7,-5.7,1.1,3.6,-3.2,33.3,-6.2,5.6,-2.6,-1.1,32.3,-13,0.8,12.8,4.1,-14.7,3.7,9.1,-6.7,-1.4,4.2,-8.3,10.9,-0.4
"03","Bergen","0440","Bogota Boro",4.3,-3.1,0,7.5,-4.6,0,-33.3,85.7,1.1,0.700000000000001,50,-21.1,25.8,29.8,-15,-14.9,13,28.2,9.5,-11.4,10.4,-10.9,20.5,12
"03","Bergen","0740","Carlstadt Boro",-3.9,-9.1,-19.2,10.1,-4.7,NA,0,-27.3,-1.7,-1,-25.8,-24.6,55,-19.2,6.4,-19.6,9.6,-14.9,23.2,-11.3,NA,NA,NA,NA
"03","Bergen","0745","Carlstadt-East Rutherford",9.8,2.6,19.4,22.9,-3.4,100,NA,-33.3,-0.700000000000003,-4,NA,NA,NA,NA,NA,NA,NA,NA,NA,NA,27.9,18,-11.2,5
"03","Bergen","0890","Cliffside Park Boro",-2.4,-5.2,0,-1.5,3.8,-10,0,18.2,-0.799999999999997,-1.5,-10.2,0.5,-3.4,-2.1,-5.8,-1.6,-15.4,13.8,7.9,-12.2,-4.7,-3.1,-6.1,0.9
"03","Bergen","0930","Closter Boro",-4.4,-7.6,42.9,12,-7.5,50,142.9,7.1,-0.7,0,-44,-29.8,11.3,-19.2,0,-5.2,-2.2,8.4,5.6,-8.7,NA,NA,NA,NA
"03","Bergen","0990","Cresskill Boro",-1,-3.2,35,0,0.2,-100,0,14.6,-0.3,-0.1,NA,-28.3,16.5,-9.6,-2.1,4.5,-21.5,5,9.3,11.1,-17.1,2.9,-4.2,1.6
"03","Bergen","1070","Demarest Boro",-1.4,-5.4,100,7.5,0.5,NA,NA,31.6,0.4,0,-6.7,9.3,-14.7,25,-18.9,18.6,-15.1,10.5,-13.3,1.2,NA,NA,NA,NA
"03","Bergen","1130","Dumont Boro",-2.1,-6.4,4.1,3.7,-5.1,0,-12.5,300,0.0999999999999996,-0.2,-17.4,-9.2,7.5,-9.6,-3.1,17.7,-30.3,0,41.7,-4.6,-9.4,1.9,-8.1,5.7
"03","Bergen","1230","East Rutherford Boro",-1.2,-4.5,-2.4,0.3,-1.8,0,-100,20.8,-1.7,-0.2,-29.2,25.3,-3.6,-10.5,4.1,5.9,-9.1,-5.7,-19.5,27.1,NA,NA,NA,NA
"03","Bergen","1270","Edgewater Boro",-28.2,-29.6,-21.3,-21.2,-31.8,NA,0,-21.6,0.5,-0.6,-93.8,-39,-25.3,-29.3,14.1,-33,-11.8,-11.1,NA,NA,NA,NA,NA,NA
"03","Bergen","1345","Elmwood Park",-2.2,-5.2,-0.6,-0.5,-1.1,25,-25,25,-2.1,-2.1,-47.8,-10.9,-7.8,-6.2,10.7,-27.7,22.4,-17.2,-9.3,27.6,5.3,-5.3,9.5,-7
"03","Bergen","1360","Emerson Boro",-6.6,-8.2,-12.5,2.5,-16.3,0,0,6.1,-0.9,0.4,-76.2,-4,-16.3,39.3,-33,25,-22.2,21.3,-1.4,-20.2,4.2,1.4,5.4,-13.8
"03","Bergen","1370","Englewood City",-1.2,-7.8,-8.2,2.9,1.3,0,0,24.2,-2.6,-0.5,9.5,-18.7,11,-3.8,-7.1,-8.8,11.7,-13.1,-4.1,12,-5.4,17.3,-13.4,4.7
"03","Bergen","1380","Englewood Cliffs Boro",-10.8,-14.6,0,10.3,-13.4,NA,200,14.3,0,0,-56.7,-17,57.1,-39.6,17,-4.3,-15.3,-5.8,-6,-27,NA,NA,NA,NA
"03","Bergen","1450","Fair Lawn Public Schools",0.7,-2.2,5.9,6.3,4.2,-13.6,-16.7,6.5,0.300000000000001,-0.4,0,-13,-11.6,3.8,5.3,-2,13.3,-0.8,0.8,7.3,-2.2,5,-0.3,1.8
"03","Bergen","1470","Fairview Boro",-1,2.3,-23.1,-1.1,-17.6,NA,NA,100,-26.6,-5.1,1.4,-2,-10.8,1.7,-1.2,1.9,6.9,9.4,-15.6,9.2,NA,NA,NA,NA
"03","Bergen","1550","Fort Lee Boro",-1.5,-4.2,9.9,-0.7,-2.1,0,11.1,22.4,-1.3,-0.8,-11.8,-13.6,-7.1,-9.6,-3.1,-12.4,0.3,-4,6.3,8.5,-5.4,-12.7,26.4,12.8
"03","Bergen","1580","Franklin Lakes Boro",0.9,-2.1,-15,36.1,6.8,0,0,19,-0.1,0,-36.2,13.7,-6.7,4.5,18.3,-5.3,-0.8,3.3,-9.7,14.7,NA,NA,NA,NA
"03","Bergen","1700","Garfield City",-4.4,-8.2,-1.2,-2,-14.3,0,-10,3,-3.3,-1.6,-19.6,-7.9,-5.7,8.7,-10.1,-4.4,-6.1,-5.2,-3.6,-6.7,5.7,8.6,-8.7,6.8
"03","Bergen","1760","Glen Rock Boro",0.6,-1.3,8.7,13.3,4.4,-50,-50,6.3,-0.1,0,140,-3.1,11.9,-8,-3.3,8.3,-12.9,0.9,13.2,0.5,2.1,-3.6,-18.8,29.2
"03","Bergen","1860","Hackensack City",-4.9,-4.6,-8,-4.2,-0.2,10,-43.8,1.9,-1.3,-0.4,10.3,-9.7,-10.3,-0.3,-1.9,-14.5,-10.7,-2.6,-5.6,14.9,-18.3,-10.8,11.6,-8.9
"03","Bergen","2050","Harrington Park Boro",-6.4,-12.3,66.7,14.3,5,NA,-50,-15.2,0,0,-6.7,-7.8,-14.5,-13,27.3,-34.1,39,-20.3,27.8,-32.9,NA,NA,NA,NA
"03","Bergen","2080","Hasbrouck Heights Boro",-3.2,-4.4,5.8,-1,-6.5,0,-100,15.8,-0.4,-0.5,50,-12.3,-2.5,13.8,-1.8,-1.7,-2.3,-6.9,-3.4,-11.4,0,0.7,-2.5,-4.3
"03","Bergen","2090","Haworth Boro",1.3,0.7,0,-10,14.6,NA,NA,-2.6,0,0,NA,28.9,22.6,-30.6,67.9,-24.4,-28.3,13,-15.7,16.7,NA,NA,NA,NA
"03","Bergen","2180","Hillsdale Boro",-2.5,-3.6,20,-1.9,3.3,0,-25,0,0.0999999999999996,-0.4,-12,5.6,-7.3,10.1,-18.2,11.2,-9.2,-4.9,-3.9,-8,NA,NA,NA,NA
"03","Bergen","2200","Ho Ho Kus Boro",-1.5,-1.2,14.3,-9.1,3.8,0,NA,-40,0,0,-37.5,18,-10.3,-17.4,0,29.4,-17.5,-21.2,6.7,11.9,NA,NA,NA,NA
"03","Bergen","2620","Leonia Boro",2.4,-2.2,-1.3,0.4,6.2,20,0,7.3,-0.199999999999999,-1.3,12.8,-6.7,-1.9,-5,16.8,7.4,-2.7,10.2,-7.7,8.7,2.6,-6.2,15,8.6
"03","Bergen","2710","Little Ferry Boro",-6.1,-6.6,13.9,-7.2,-4.3,-100,-17.6,-20,-6.4,-3.8,-24.1,2.5,13.7,-18.7,25.7,-25.9,-1.1,-10.4,2.2,-14.4,NA,NA,NA,NA
"03","Bergen","2740","Lodi Borough",-2,-4.4,-4.9,-0.2,-3.1,0,-36.8,5.3,-3,-1.2,-1.7,-11.1,-5.9,-2.4,7.6,-16.7,5.6,0.5,1.7,-2.4,2.9,-9.6,4,-1.9
"03","Bergen","2860","Lyndhurst Twp",-4.1,-5.6,-5.8,-1.9,3.8,NA,50,-5.2,-1.3,0,-35.4,-30.7,6.1,9.7,-4.2,-18.5,17.8,-16.1,14,-5.7,-8.5,4,-1.1,-5.9
"03","Bergen","2900","Mahwah Twp",-3.2,-5.3,11.7,-1,1.5,-33.3,0,2.7,0.399999999999999,-0.2,-16.1,-15.3,3.3,-1.1,-15.9,8.3,-3.5,-11.5,4.3,-4.6,14.6,-16.9,-2.5,0
"03","Bergen","3060","Maywood Boro",-2.9,-8.5,-1,2.7,-5.3,50,0,33.3,-1.8,0.5,-11.1,-1.8,-7.9,10.3,-26.9,18.8,-2.1,-16.7,0,18.3,NA,NA,NA,NA
"03","Bergen","3170","Midland Park Boro",-5.6,-5.1,66.7,-11.5,0,0,0,0,0.3,0.3,-37.5,6.1,-23.6,2.8,1.6,-18.1,18.6,-24.3,26.3,0,-4.3,-32.6,-3.5,8.6
"03","Bergen","3330","Montvale Boro",-5.4,-5.4,-33.3,1.1,-5.1,NA,NA,-10.8,-0.6,-0.3,-63.2,2.4,-24.8,-1,0,-4,-11.8,0.9,3.6,-7.6,NA,NA,NA,NA
"03","Bergen","3350","Moonachie Boro",4.2,12.9,-16.7,-1.6,15.9,NA,0,0,-7.2,-0.200000000000001,46.4,-12.5,39.3,-34.9,20,27.6,-3.4,6.7,-24.4,12.1,NA,NA,NA,NA
"03","Bergen","3550","New Milford Boro",-0.4,-6.4,9.1,8.1,0.3,NA,-12.6,13,-5.1,-3.2,-30,4.2,-7.9,18.2,7,-4.9,-11,3.4,-4.7,6.2,-1.5,-11.2,30,-19.7
"03","Bergen","3600","North Arlington Boro",1.7,-2.1,3.6,5.9,5,0,0,26.3,-1.4,0.600000000000001,-50,5.8,-2.3,11.1,-7.5,-8.3,-4.4,12.7,-4.6,0.7,33,-13.5,-7.6,30.4
"03","Bergen","3700","Northern Highlands Reg",-2.6,-4.5,-23.8,11.3,2,100,NA,6.2,-0.3,-0.1,NA,NA,NA,NA,NA,NA,NA,NA,NA,NA,-13.8,0.7,-2.6,6.1
"03","Bergen","3710","Northern Valley Regional",-0.1,-6.2,-5.6,725,0.9,7.7,100,-31.6,-0.1,-0.1,NA,NA,NA,NA,NA,NA,NA,NA,NA,NA,15.8,-9.5,0.8,0.4
"03","Bergen","3730","Northvale Boro",-1.7,-3,-33.3,6.7,-3.6,NA,NA,42.9,-0.2,0,NA,-35.5,28.3,1.9,-6.8,21.2,-17.5,8.5,-4.8,1.6,NA,NA,NA,NA
"03","Bergen","3740","Norwood Boro",1.8,-3.6,-27.3,32.7,3.1,-100,0,0,1.3,0.8,-36.4,56.4,-39.4,23,7,-11.6,-10.4,23.1,-11.1,16.7,NA,NA,NA,NA
"03","Bergen","3760","Oakland Boro",-2.3,-3.3,66.7,6.7,-5.4,0,0,-7.8,0.0999999999999996,-0.3,1200,3.4,-23.2,19.8,-4.9,-0.7,7.2,-13,12.8,-21.4,NA,NA,NA,NA
"03","Bergen","3850","Old Tappan Boro",-1.4,-2.9,-60,24.1,-3.5,NA,0,54.5,0,0,-15.4,-13.2,-4.8,-8,17.4,-4.3,-24.2,24.7,6.9,-1.3,NA,NA,NA,NA
"03","Bergen","3870","Oradell Boro",-2.6,-6.8,-20,10.5,4.5,0,0,0,0,0,-63.6,-8.4,-8.3,23.9,-9.7,4,-1.9,-8.6,NA,NA,NA,NA,NA,NA
"03","Bergen","3910","Palisades Park",-5.4,-12.3,28.6,-2.5,-8.8,40,-20,-30,3.5,-0.699999999999999,-77.8,9.8,-48.8,287.2,1.5,-6.8,-4.3,-16.4,14.3,13.2,-23.3,-22.7,34.2,-21.3
"03","Bergen","3930","Paramus Boro",-3.4,-6.8,17.7,7.5,-4.9,20,-12.5,12.8,-0.5,-0.0999999999999999,-42.7,2,-17.6,1.7,-0.9,-17.4,11.4,-0.4,4.6,1.4,-10,-13.2,15.7,0
"03","Bergen","3940","Park Ridge Boro",-0.5,-2.5,0,5.3,1.1,NA,0,13.2,-0.3,-0.1,-41,3.2,-1.1,34.3,-28.7,24.3,-21.3,2.1,5.4,-4.1,2.4,-9,-2.2,13.3
"03","Bergen","3960","Pascack Valley Regional",-2.1,-4.3,8,10.4,-0.5,50,50,19,-0.5,-0.2,NA,NA,NA,NA,NA,NA,NA,NA,NA,NA,-7.5,-10.2,0.8,5.1
"03","Bergen","4300","Ramapo-Indian Hill Reg",-1.2,-1.7,-8,1.5,1.8,0,-25,7.3,0.4,0,NA,NA,NA,NA,NA,NA,NA,NA,NA,NA,-7.8,-6.1,-3,10.1
"03","Bergen","4310","Ramsey Boro",-3.4,-2.2,17.2,-13.1,-5.2,0,0,0,-0.3,-0.4,-17.4,12.6,-16.2,-17.6,0,8.2,-17.3,6.3,-12.8,5.1,-8.2,-12.4,10.5,6
"03","Bergen","4370","Ridgefield Boro",-3.4,-7.2,13,-1,-4.9,-66.7,0,0,-6.3,-1.7,-59.3,3.1,-20.2,-5.7,20.9,-15.5,7.2,-26.2,8.7,-1.5,50.6,-9.6,-9.7,19.2
"03","Bergen","4380","Ridgefield Park Twp",-2.7,-9.2,-13,1.2,-8.3,50,-6.2,62.5,-0.899999999999999,-0.799999999999999,-14.3,-28.8,15,-17.4,6.3,-4.5,-11.9,4.9,-7.6,0,-1.4,4.7,15.5,-18.4
"03","Bergen","4390","Ridgewood Village",-2.7,-4.2,1.7,0,-1.2,-100,0,1.9,0.2,-0.3,-20.8,-15.5,-1,-3.5,-0.2,-5,-5,5.2,-8.6,1.8,-4.6,-7.4,9.2,-1.6
"03","Bergen","4405","River Dell Regional",-1,-3.7,-25,-2.5,6.7,NA,NA,14,-0.2,0.1,NA,NA,NA,NA,NA,NA,NA,NA,-5.5,12.1,-17.8,4.7,-4.3,5.4
"03","Bergen","4410","River Edge Boro",-0.2,-3.9,37.5,10.4,-1.5,-100,NA,13,0.5,-0.3,-4,-11.2,0.6,3,-3.5,1.8,-18.3,29.4,NA,NA,NA,NA,NA,NA
"03","Bergen","4430","River Vale Twp",-3.1,-3.3,-8.3,4.7,-6,0,0,20,0,0,38.5,-21.1,14.4,-17.7,-13.7,24,-12,-12.4,-5.4,22.1,NA,NA,NA,NA
"03","Bergen","4470","Rochelle Park Twp",-4.7,-9.3,7.7,0,-11.1,NA,NA,50,-4.9,0.4,-45,-7.7,-32.7,14.9,-18.5,3.6,-1.8,1.6,11.3,-13.8,NA,NA,NA,NA
"03","Bergen","4600","Rutherford Boro",-3.1,-3.8,-11.5,-1.3,-4.1,0,-50,3.9,-0.5,-0.1,-3.6,-22,26.9,-6.6,-8.7,6.5,0,-7.7,-11.3,0.5,-5.5,3.4,-2.6,-6.3
"03","Bergen","4610","Saddle Brook Twp",-5.8,-5.2,-21.8,-4.5,-9.6,0,-28.6,16.7,0.9,-0.8,-75,10.9,-18,-0.8,0.8,2.6,-4,-7.1,-15.5,3.5,-6.4,3.2,-20.4,5.5
"03","Bergen","4620","Saddle River Boro",-13.4,-16.7,25,0,-9.1,NA,NA,-7.7,-0.7,0.1,-50,15.4,-35,-19.2,37.5,-53.1,50,NA,NA,NA,NA,NA,NA,NA
"03","Bergen","4845","South Bergen Jointure Com",-3.4,-11.8,0,9.2,-23.5,NA,0,20,1.6,-1,-32.4,-11.1,50,-75,200,-66.7,0,-25,66.7,-33.3,33.3,NA,NA,-62.5
"03","Bergen","4870","South Hackensack Twp",-4.5,-1.4,-15,-4.4,-12.5,0,NA,0,-8,-4.3,-11.8,-18.8,42.9,-28.6,-16.1,-3,6.9,-25,16.1,12.5,NA,NA,NA,NA
"03","Bergen","5150","Teaneck Twp",-0.1,-2.6,-3.1,3.3,1.5,-10,12.5,-10,-5.2,1.3,0,-14.8,1.6,-1.9,8.3,-1.3,-1.3,5,-5.3,0.7,-3.9,-0.7,-0.8,9
"03","Bergen","5160","Tenafly Boro",-4,-5.9,1.9,7.1,-4,0,0,-2.5,0,0,-100,-3.8,-22.6,-9.8,-2.9,-2.5,-5.9,1.8,-8,1,-6.5,-2.9,3.2,1
"03","Bergen","5330","Upper Saddle River Boro",0,-1.2,30.8,-5.3,7.6,-33.3,0,-7.7,-0.4,0,-32,9.7,-1,-25,29,-0.9,-21.9,2.1,-1.4,19.2,NA,NA,NA,NA
"03","Bergen","5410","Waldwick Boro",-1.3,-3.7,10,5.7,-6.1,NA,0,22,0,0.1,-5,3.6,-15.7,7.6,-9.5,0.8,-2.4,6.9,-5,-5.7,6.8,-12.6,12.5,6.9
"03","Bergen","5430","Wallington Boro",-2.5,-3.7,0,2.8,-8.7,NA,NA,-42.9,1.6,-1.5,NA,-1.4,-3.8,-1.2,4.9,-9.8,-15.2,15.3,-2.8,-4.7,2.7,-5.2,10.3,-13.3
"03","Bergen","5755","Westwood Regional",-1.1,-1,-15.1,0.3,-5.4,0,0,15.7,1.5,0.7,-26.3,-12.3,3,-13.6,-4.7,12.9,7.1,-6.9,3.3,-3.7,5.4,-11.1,-5.9,9.2
"03","Bergen","5830","Wood-Ridge Boro",-1.8,-5.9,0,6,5.1,0,NA,-21.7,-2.3,-1.1,-46.4,5.6,32.4,-18.2,-6.3,28,-6.4,-4.7,-4.6,7.8,-35.3,7.3,4.3,2.2
"03","Bergen","5880","Woodcliff Lake Boro",-2.1,-2.5,-33.3,15.8,-13,NA,0,500,0.1,0,-38.9,14.8,0,-10.7,18.5,-31.3,24,-2.7,-10.5,3.5,NA,NA,NA,NA
"03","Bergen","5920","Wyckoff Twp",1.5,1.4,20,11.7,-5.8,NA,0,-1.5,-0.3,0,-13.6,5.8,24.4,-2.7,-4,6.4,-10,-2.7,1.8,-2.2,NA,NA,NA,NA
"05","Burlington","0380","Beverly City",1.6,-5,5,9.3,NA,-100,NA,-4.3,12.2,-1.1,0,47.8,-16.1,2.9,10,31.8,-25.8,32,12,-32.4,NA,NA,NA,NA
"05","Burlington","0475","Bordentown Regional",-3.7,-4.8,-1.6,-3.1,-1.5,0,25,60,-6.7,0.1,-10.5,9.7,-17.2,-3.4,22.3,39.7,-50.3,-3.9,22.9,-21,-5.5,-0.5,6.6,-12.1
"05","Burlington","0600","Burlington City",-2.4,-7,-4.4,10.4,0,100,NA,5.9,-4.9,-1.3,-10.1,-23.4,-1.6,-1.9,-6.4,13.1,-11.4,3.8,-5.2,-2,7.7,2.5,1.6,-0.8
"05","Burlington","0605","Burlington Co Spec Serv",-6.5,-6,-10.3,-2.5,-5.9,0,100,5.3,1.4,-0.8,0,-50,100,-62.5,120,-60,-25,28.6,-22.2,150,30.8,-2.6,20,12.1
"05","Burlington","0610","Burlington Co Vocational",1.3,6.2,-3.2,3.6,24.1,-20,0,-10.2,-5.6,-1.6,NA,NA,NA,NA,NA,NA,NA,NA,NA,NA,-4.8,6.8,4.7,5.8
"05","Burlington","0620","Burlington Twp",-3,-6.8,-1.8,2.9,0.7,-20,-10,-3.9,0,0.6,89.4,-15.2,-0.9,-1.3,-11.2,2.8,2,-13.4,-10.2,14,-11.4,-5.6,19.8,-22.5
"05","Burlington","0830","Chesterfield Twp",-5.9,-9.5,3.6,11.9,-4.6,66.7,-50,-4,-0.2,-0.5,-58.6,-7,-9.7,4,-13.2,7.5,-5.5,-2.7,NA,NA,NA,NA,NA,NA
"05","Burlington","0840","Cinnaminson Twp",1.6,0.9,-4.8,7.8,5.1,0,40,10.4,0,-0.4,31.2,4.6,-7.5,15.2,-11.5,6,7.3,-9.7,0.9,14,-3.8,6.8,-15.5,10.3
"05","Burlington","1030","Delanco Twp",-2.5,-6.7,4,8.3,0,NA,0,-6.7,1.6,-1.8,NA,-12.5,2.4,-15.6,9.5,-19.1,28.2,-28.3,-3.4,31.7,NA,NA,NA,NA
"05","Burlington","1060","Delran Twp",-2.3,-2,-9.2,0.8,-11.9,0,33.3,5.7,-0.599999999999998,-0.8,-81.5,-14.4,1.5,1,4.5,-12.8,3.1,-6.1,12.9,-7.8,5.1,-17.8,14.7,4.6
"05","Burlington","1250","Eastampton Twp",-2.3,-5.8,3.3,1,-35.3,0,-100,18.2,-2.5,0.6,NA,7,0,20.8,-25.8,-6.8,-6,13.3,-21.3,7.4,NA,NA,NA,NA
"05","Burlington","1280","Edgewater Park Twp",-2.3,-2.8,-0.7,-6,10,NA,NA,7,-4.5,-1.2,26.3,10.3,-35.3,-1.1,-16.3,20.2,-19.4,2.1,-6.7,11.5,NA,NA,NA,NA
"05","Burlington","1420","Evesham Twp",-3.8,-6,2.7,3.1,-0.2,10,-8.3,13.3,-0.9,-0.5,-34.5,-22.7,4.9,6.8,-7.1,-3.1,4.6,-12.5,2,-1.2,NA,NA,NA,NA
"05","Burlington","1520","Florence Twp",-5.7,-9.6,-4.9,14.7,-2.4,0,-20,0,-4.7,-2.2,-56.8,-11.1,-18.5,-3.7,-25.4,5.3,-3.8,20,-27.5,-0.7,-11.4,11.3,13.9,-10.5
"05","Burlington","1910","Hainesport Twp",-8.4,-9.8,0,-14.6,27.8,-66.7,0,-19,-2.7,-2.3,-87.5,-7,-19,20.5,-14.5,-5.1,-15.1,13.4,4.8,-23.4,NA,NA,NA,NA
"05","Burlington","2610","Lenape Regional",-0.4,-2.7,-4.8,14.2,0.2,133.3,-8.7,65.4,-0.6,-0.1,NA,NA,NA,NA,NA,NA,NA,NA,NA,NA,-0.1,-4.8,-1.9,5.7
"05","Burlington","2850","Lumberton Twp",-7.6,-10,-10.2,-6.2,-5.4,-50,0,8.5,-1.9,1.2,NA,-12.6,8,1,-2.8,6,-27.9,0.7,-17.8,-8,NA,NA,NA,NA
"05","Burlington","2960","Mansfield Twp",-8.3,-10.9,3.7,2.8,-7,0,NA,-14.8,0.3,-0.7,0,-44,33.9,-6.5,0,-7,0,-25.3,NA,NA,NA,NA,NA,NA
"05","Burlington","3010","Maple Shade Twp",-1,-2.2,-0.3,-1.2,8.9,-100,NA,0.8,-2.2,-0.299999999999999,-9.7,0.5,4.3,-5.7,-3.4,-1.8,11.1,-10.9,19.2,15.4,11.9,8.3,-19.4,10.1
"05","Burlington","3070","Medford Lakes Boro",-7.8,-7.6,0,-16.7,-50,NA,NA,0,1.2,0,-80.8,0,10.6,-4,-3.8,-15.6,12.7,17.8,-39.1,4.3,NA,NA,NA,NA
"05","Burlington","3080","Medford Twp",-6,-6.8,21.4,0.6,-11.7,NA,-33.3,-4.5,-1,-0.5,-50,-11.5,-1.1,-5.5,1.9,-9.7,-4,-10.8,9.5,-19.1,NA,NA,NA,NA
"05","Burlington","3360","Moorestown Twp",-3.6,-5.3,-10.6,1.9,-1.2,-66.7,NA,11,-0.5,-0.6,-36.4,-13.9,3.8,-16,13,-18.1,-6.1,5.5,-14.3,2.1,-2.4,0,4.9,7.3
"05","Burlington","3430","Mount Holly Twp",-3.5,-13.9,0,-4.4,19,-33.3,-20,23.8,-1.9,0.6,-30,-20.2,1.9,6.4,-13.3,12.8,-5.6,-2.7,18.9,-14.5,NA,NA,NA,NA
"05","Burlington","3440","Mount Laurel Twp",-4.3,-8,0.2,1.5,-3.2,16.7,-18.2,6,-0.700000000000001,-0.4,-50.7,-13.7,8.1,-13.7,-3.2,0.2,-6.4,-4.7,8.4,-4.7,NA,NA,NA,NA
"05","Burlington","3540","New Hanover Twp",-6.2,-14.5,-7.4,4.8,-50,-100,NA,5.3,-6.2,-0.2,-35.7,-31.8,28.6,-28.6,-32,25,5.9,-15,35.7,30,NA,NA,NA,NA
"05","Burlington","3650","North Hanover Twp",-6.2,-11.8,3.8,4.8,-9.1,0,-28.6,-2,-0.699999999999999,-2.1,-23.5,-8.9,9.9,-8.5,15,3.4,-12.2,-16.3,NA,NA,NA,NA,NA,NA
"05","Burlington","3690","Northern Burlington Reg",-1,-1.8,-2,0.4,1.5,100,-10,1.9,-0.5,-0.8,NA,NA,NA,NA,NA,NA,NA,NA,1.6,-8.4,-4.1,4.6,14,-11.6
"05","Burlington","3920","Palmyra Boro",1.4,0,-5.5,6.7,11.1,200,-20,13.6,-1,-1.9,33.3,-3.5,-3.3,-1.7,9.1,-1.8,-15.6,-16.4,-4.2,11.5,0,0,13.5,34.4
"05","Burlington","4050","Pemberton Twp",-4.8,-6.7,-4.2,-1.7,-10.3,-7.1,0,1.1,-8.2,-3,-19.6,-19.4,-0.9,-1.6,-15.6,-7.2,-0.6,-3.2,-6.8,14.5,-0.3,10.8,-2.6,9.2
"05","Burlington","4320","Rancocas Valley Regional",1.3,-1.9,3.2,8.2,-23.3,0,-100,44.9,-0.5,-0.9,NA,NA,NA,NA,NA,NA,NA,NA,NA,NA,0.7,0.2,1.4,0.2
"05","Burlington","4450","Riverside Twp",-4.6,-9.1,-3.1,2,-33.3,-100,0,40,-3.6,0.5,-40.4,6.7,-15.4,13.3,-2.2,-11.3,-17.9,19.6,-3.8,20.9,-14.7,16.1,-11.8,-9.2
"05","Burlington","4460","Riverton",-4.3,-5.8,0,8.7,-50,NA,-50,22.2,1.5,-0.2,-33.3,-15.2,33.3,-13.8,-12.1,-8.3,12.5,-24.4,39.3,-15.6,NA,NA,NA,NA
"05","Burlington","4740","Shamong Twp",-5.3,-5.8,-16.7,3.9,0,NA,NA,-14.8,-1.5,0,-95.2,4.5,0,-10.5,-2.7,-3.9,-6,0,-5.6,-4.3,NA,NA,NA,NA
"05","Burlington","4930","Southampton Township School District",1.6,1.4,14.3,4.9,0,NA,0,-5,-3.4,-0.6,NA,10.5,-21.1,8.5,19.4,-3.9,1.3,8.1,-4.9,-5.7,NA,NA,NA,NA
"05","Burlington","5010","Springfield Twp",-7,-11.4,7.7,21.1,0,NA,0,20,2.1,0,-37.5,-25.6,2.6,45.8,-11.1,13,-17.9,-14.3,NA,NA,NA,NA,NA,NA
"05","Burlington","5130","Tabernacle Twp",-1.8,-1.2,-36.4,-3.4,0,-100,0,12.5,-1.5,-0.2,-31.2,4.7,5.1,-25.9,29,-12.7,-11.4,7.9,-12.6,18.1,NA,NA,NA,NA
"05","Burlington","5720","Westampton",-4,-10.8,0,0,12.3,NA,-100,-7.7,2.2,0.2,-19.2,-1.1,-18.2,9.7,-27.7,11.5,2.9,-5.6,-8.8,15.6,NA,NA,NA,NA
"05","Burlington","5805","Willingboro Twp",-1.2,-4.9,-4.1,10.4,-22.2,22.2,-14.3,38.8,0.5,2.2,-5.5,-11.6,-6,8.8,-9.1,-8.9,5.6,-5.5,5.6,14.9,24.4,21,-26.6,13.1
"05","Burlington","5890","Woodland Twp",-12.6,-12.5,0,-25,NA,NA,NA,0,-1.2,0.3,NA,-56.2,77.8,10,-41.2,63.6,-7.1,27.3,-54.5,-24,NA,NA,NA,NA
"07","Camden","0150","Audubon Public School Disrict",-1.9,-2.4,11.9,-0.9,-20,66.7,0,3.4,-1,-1.2,-68.4,-1.2,-9.6,-3.6,-20.4,17.2,11.2,-19.2,-8.7,27.4,0,-6.2,-10.5,13
"07","Camden","0190","Barrington Boro",-5.7,-6.9,3.6,-7.7,-4,50,-25,9.1,0.399999999999999,-0.0999999999999996,200,-17.2,-3.6,-12.1,4.5,-4.6,22.2,-14.3,1.6,-16.9,NA,NA,NA,NA
"07","Camden","0260","Bellmawr Boro",-3.5,-6.3,23.1,2,-4.4,NA,0,-7.7,-2.40000000000001,-2.4,-9.2,10.7,7.4,-27.9,9.6,0.9,-9.2,4.6,2.8,-8.6,NA,NA,NA,NA
"07","Camden","0330","Berlin Boro",-0.4,1.4,11.8,-52.7,16,100,NA,21.4,0.4,-0.3,0,-1.4,-3.9,17.1,-12.5,-10.3,-7.3,36.7,-18.2,34.8,NA,NA,NA,NA
"07","Camden","0340","Berlin Twp",-7.1,-5.1,-6.4,-13,-5.5,NA,NA,-18.2,3.7,0.0999999999999996,-46.9,-32.9,-15.1,11.1,8.2,18,-31.6,8.5,-5.7,11.1,NA,NA,NA,NA
"07","Camden","0390","Black Horse Pike Regional",-2.3,-5.8,-1.3,2.1,-5,200,37.5,78,-2.4,-0.899999999999999,NA,NA,NA,NA,NA,NA,NA,NA,NA,NA,-6.7,4.6,-1.1,-5.5
"07","Camden","0580","Brooklawn Boro",-1.4,-6.5,24.2,-7.1,8.3,100,-33.3,12.5,4.5,-0.3,-11.8,-10,-43.6,63.6,0,-3,-13.9,24.1,-22.2,6.9,NA,NA,NA,NA
"07","Camden","0680","Camden City",-8.2,-10.6,-8.3,-8.6,-6.1,0,250,5.3,10,-0.7,-37.5,-6.8,-8.2,11.9,-7.1,13.4,-10.5,5.6,1,-2.5,-20.2,7.3,-20.8,2.9
"07","Camden","0700","Camden County Vocational",7.4,13.5,2.1,4.9,26.2,0,0,11.4,-6.40000000000001,-2.1,NA,NA,NA,NA,NA,NA,NA,NA,NA,NA,11.5,-4.8,-3.2,33.5
"07","Camden","0800","Cherry Hill Twp",-3.5,-5.3,2.9,-1.4,-4,18.2,-24.1,2.9,2,-1.4,-31.1,-16.4,13.9,-12.4,1.3,-8.4,1.9,-10.2,-1.5,-3.9,2.6,-7.8,0.4,3.2
"07","Camden","0880","Clementon Boro",5.1,0,-4.2,15.1,50,NA,NA,5.3,-2.2,-1.7,-33.3,13.7,10.2,-3.7,22,-23,42.9,-10.4,-8.2,46.3,NA,NA,NA,NA
"07","Camden","0940","Collingswood Boro",2.3,1.3,-1.2,5.4,12,16.7,-100,5.4,0,-1.3,-9,-17.5,14,6.1,0,-15.7,5.8,20.6,-5.6,8.9,10.1,11.5,-10.2,0.6
"07","Camden","1255","Eastern Camden County Reg",-0.1,-2.3,5.2,15.4,-9.4,150,100,15.4,-3.3,-1.4,NA,NA,NA,NA,NA,NA,NA,NA,NA,NA,-0.4,4.1,4,-8
"07","Camden","1720","Gibbsboro Boro",3.8,-8.8,200,10.5,21.4,NA,NA,9.1,0.399999999999999,-2.4,-26.7,-4.2,-7.7,-3.8,45,41.2,-10,3,40.7,10.7,NA,NA,NA,NA
"07","Camden","1770","Gloucester City",0.4,-2.8,8.7,1.8,-4.2,0,0,500,0.399999999999999,-0.2,-24.6,-67.1,382.4,1.3,-1.5,-2.1,5,-20.1,35.5,24,4.4,0,15.2,1.8
"07","Camden","1780","Gloucester Twp",0.1,-3.6,-0.4,11.5,-4.2,38.5,-22.2,12.1,-1.4,-0.7,116.4,-7,3,-1.5,-5.9,5,-5.3,0.3,-5.4,1.2,NA,NA,NA,NA
"07","Camden","1799","Kipp: Cooper Norcross, A New Jersey Nonprofit Corporation",17.3,-16.7,16.6,20.2,0,-13.3,0,10,-1.10000000000001,1.5,NA,-0.8,12.5,16,21,5.6,-23.5,11.3,-8.7,3.1,NA,NA,NA,NA
"07","Camden","1801","Camden Prep, Inc.",6.5,-50,6,8.2,NA,NA,NA,NA,3.7,-2,NA,-33.8,2.1,-10,30,37.6,0,44.6,0,66.7,NA,NA,NA,NA
"07","Camden","1802","Mastery Schools Of Camden, Inc.",4,42.9,-5,6.8,20,-40,0,54.5,-1.59999999999999,1.2,NA,-19.5,0.4,3.1,0,1.3,-2.2,0,8,16.2,-27.3,20.7,45.2,82.7
"07","Camden","1880","Haddon Heights Boro",0.9,2.1,3.6,1.4,-3.1,33.3,NA,-24.4,-2.9,-0.7,-23.5,-17.6,-17.1,6.3,19.4,-17.6,-7.6,-4.9,-11.4,23,-2.8,-0.5,29,-2.3
"07","Camden","1890","Haddon Twp",-4.3,-5.2,-6.1,0,-3.1,0,0,4.1,-0.199999999999999,-1,-40.3,-8.2,-2.1,-9.9,10.2,-10.3,-20.1,1.2,7.3,0,-11.5,10.9,-11.4,8.7
"07","Camden","1900","Haddonfield Boro",-2.4,-2.5,-2.6,-8.4,2.1,-33.3,0,1.9,0,-0.3,-34.9,1.4,-12.5,-2.6,-8.2,6.2,-11.6,22,-21,1.8,3.3,-8.5,9.7,-1
"07","Camden","2540","Laurel Springs Boro",-6.7,-15.1,13.6,30,-100,NA,NA,-10,3.5,-1,-31.6,-46.2,0,10,-30.4,14.3,-37,-14.7,NA,NA,NA,NA,NA,NA
"07","Camden","2560","Lawnside Boro",0.7,-20,3.6,-1.9,50,NA,NA,-20,-5.5,0,20.5,-31.4,-13.3,-19.4,12.5,-31,40.9,-23.3,-6.7,21.7,NA,NA,NA,NA
"07","Camden","2670","Lindenwold Boro",-2.8,-13.1,-2.7,-1.1,-9.8,-50,-33.3,2.1,-0.399999999999991,0.6,-22.6,-14.9,12.4,-4.6,0.4,-4,-16.1,3.9,-8.1,3,-23.3,48.1,-16,5
"07","Camden","2890","Magnolia Boro",-6.9,-5.1,-20.2,0,-8.3,NA,NA,0,-3,-1,5,-16.3,-7.7,-14,27.3,-33.3,-20,39.5,2.7,-18.2,NA,NA,NA,NA
"07","Camden","3110","Merchantville Boro",-6.3,1.3,-18.3,-19,-13.3,NA,0,35.7,-1,0,10,-31.8,14.6,-11.6,-6.8,-2.3,-16,2,2.3,-11.8,NA,NA,NA,NA
"07","Camden","3420","Mount Ephraim Boro",0,-0.3,0,11.1,0,NA,NA,-20,0,1.2,34.4,-30.2,15.4,-14.9,4.7,-14.5,20.5,-21.6,23.5,-3.3,NA,NA,NA,NA
"07","Camden","3770","Oaklyn Boro",-1.8,-5.3,27.3,7.4,-18.8,NA,NA,166.7,-1.3,-0.9,-12.5,-27.7,29.4,-7.5,36.7,-17.6,6.1,NA,NA,NA,NA,NA,NA,NA
"07","Camden","4060","Pennsauken Twp",-1.4,-6.4,-7.9,2.9,-2.1,0,0,4.5,-35.4,-4.5,6.4,-14.6,11.5,-12.5,-11,2.2,-0.3,-2.6,0.6,3.4,-8.6,11.7,18.7,0.7
"07","Camden","4110","Pine Hill Boro",-3.9,-8,-6.3,4.9,2.1,-40,-100,20,2.3,-2.6,-44.4,-25.2,4.7,-17.3,18,-27,18.4,0,-4,1.8,4.6,9.3,2.2,-18
"07","Camden","4590","Runnemede Boro",-1.9,-3.4,35.5,2.5,-12.5,NA,NA,-9.5,0.199999999999999,0.0999999999999996,-18.2,9.6,6.1,-16.3,-5.8,2.4,6.3,0,-1.1,3.6,NA,NA,NA,NA
"07","Camden","4790","Somerdale Boro",-5.7,-7.6,-6.7,-9.8,17.4,-100,NA,8.6,3.8,-0.5,-35.7,20.5,-16,21.1,-31.1,-20.8,-21.9,12.7,1.7,7.7,NA,NA,NA,NA
"07","Camden","5035","Sterling High School Dist",-1,-2.8,4,6.7,-2.5,100,0,-25.6,2.4,-0.699999999999999,NA,NA,NA,NA,NA,NA,NA,NA,NA,NA,3.6,-19.8,12.1,10.2
"07","Camden","5080","Stratford Boro",-4.2,-7.5,14.1,10.5,7.3,-100,0,-44.4,-1.8,-1.7,2.6,5.5,13.6,-11.5,-87,148.2,-6.4,-20.7,35.7,266.7,NA,NA,NA,NA
"07","Camden","5400","Voorhees Twp",-1.3,-4,-1.9,15.2,0,0,-12.5,-3.6,0.9,-0.6,-30.2,-15,-0.3,-2.2,2.5,14,-6,3.7,-2.7,-0.6,NA,NA,NA,NA
"07","Camden","5560","Waterford Twp",-2.4,-4.4,21.7,-1.9,25,0,-100,15.2,0.599999999999998,-0.8,-24.6,-7.8,24.7,-22,5.7,-6.9,19.4,7.5,NA,NA,NA,NA,NA,NA
"07","Camden","5820","Winslow Twp",-3.4,-8.2,-2.7,0.7,-5,-17.4,12.5,-3.5,-3.2,-0.7,-29,-8.9,-13.8,4.3,-3.8,-5.1,6.8,-7,6.1,-5.8,11.6,-0.4,-6.8,3.9
"07","Camden","5900","Woodlynne Boro",-0.8,-30.8,-9.4,5.2,0,NA,-100,-25,0.299999999999997,-2.9,-3.8,-34.7,53.3,-17.1,-5.7,9.1,-21.7,0,2.2,64.5,NA,NA,NA,NA
"09","Cape May","0170","Avalon Boro",-10.5,-10.4,0,-28.6,0,NA,NA,NA,0,0,0,NA,NA,NA,NA,NA,-46.7,-12.5,-17.6,23.1,NA,NA,NA,NA
"09","Cape May","0710","Cape May City",3.4,-6.2,50,22.2,-50,0,0,NA,-10.5,3.5,-19.2,-26.7,27.8,-5,26.7,-6.2,50,40,NA,NA,NA,NA,NA,NA
"09","Cape May","0715","Cape May Co Special Serv",0.2,-2.4,-3.8,6.7,100,0,NA,NA,-2.4,0,-27.3,250,-28.6,-50,40,-57.1,40,-28.6,900,-75,-75,0,-20,0
"09","Cape May","0720","Cape May County Vocational School District",-2,-4.8,0,9.6,-8.3,NA,0,1400,-1.8,-3.3,NA,NA,NA,NA,NA,NA,NA,NA,NA,NA,8.4,-11.8,-9.6,1.9
"09","Cape May","1080","Dennis Twp",3.2,3.6,37.5,-9.1,-33.3,0,NA,-50,-3.2,-1.5,27.9,8.6,-9.7,10.7,-6.9,-21.5,25.9,-5.4,1.9,1.9,NA,NA,NA,NA
"09","Cape May","2820","Lower Cape May Regional",-4.7,-6.2,-2.7,7.7,-37.5,0,50,-12.5,-11.3,-1.4,NA,NA,NA,NA,NA,NA,NA,NA,-4.2,5.2,-5.2,-7.4,6.4,-20.6
"09","Cape May","2840","Lower Twp",-7.1,-8,-17.5,2.8,-10,-66.7,0,133.3,-0.799999999999997,-2.4,3.5,-1,2.8,-21.1,5.6,-19.1,-1.5,-19.3,NA,NA,NA,NA,NA,NA
"09","Cape May","3130","Middle Twp",-2.1,-3.8,-4.4,2.7,1.7,-66.7,NA,19.8,2.5,-0.0999999999999996,-16.1,-4,-4.6,9.6,-7.8,-4,-6.1,5.7,4.7,-3.3,3.1,-6.4,16.8,-17.9
"09","Cape May","3680","North Wildwood City",-8.5,-7.4,NA,-28.6,-100,NA,NA,10,-4.1,1.1,-21.4,0,130,-47.8,-10.5,-17.4,-4.3,0,0,-28,NA,NA,NA,NA
"09","Cape May","3780","Ocean City",-3.4,-3.5,-10.8,-4.7,14.8,-28.6,-50,55,-5.4,0,-16.7,-11.9,-21.6,-1.5,-18.1,-21.8,-26.7,-8.7,-12.2,4.7,7.1,2.7,-7.1,7.1
"09","Cape May","5060","Stone Harbor Boro",3.4,-1.2,NA,-50,NA,NA,NA,NA,0,0,NA,25,-26.1,9.5,16.7,6.7,NA,NA,NA,NA,NA,NA,NA,NA
"09","Cape May","5340","Upper Twp",-6.7,-7.5,-37.5,28.9,33.3,-100,-50,-12.5,0.800000000000001,-0.6,-3.1,-29,27.2,-17.9,-11.3,-10.8,0.6,1.2,11.8,-11.7,NA,NA,NA,NA
"09","Cape May","5610","West Cape May Boro",-15.1,-12.7,-66.7,-11.1,NA,NA,0,-100,-2,-0.9,-100,-9.1,-25,25,-42.9,-25,-26.7,133.3,NA,NA,NA,NA,NA,NA
"09","Cape May","5790","Wildwood City",-7.4,-2.7,-17.9,-7.7,-30,NA,0,400,-2.09999999999999,0.7,-31.6,-20.9,-22.1,-16.2,28.8,-15.3,-16.7,6.8,-7.8,12,0,3.2,8.2,0
"09","Cape May","5800","Wildwood Crest Boro",-5.6,-5.7,-50,7.1,-50,NA,NA,0,1.1,1.3,-40,23.8,-50,33.3,18.2,-21.4,26.1,20,-38.7,47.6,NA,NA,NA,NA
"09","Cape May","5840","Woodbine Boro",-5,-11.5,-8.6,2.1,NA,NA,NA,-12.5,37.6,11,-16.3,400,-48,-17.2,12,0,-9.1,5.6,50,-52.9,NA,NA,NA,NA
"11","Cumberland","0540","Bridgeton City",-5.1,-12.4,-8,-3.8,33.3,-11.8,NA,-11,-2.30000000000001,0.600000000000001,-52.1,-1.5,-3.7,-5.9,2.6,-3.8,-4.5,-1.5,2,-1.9,5.6,15.3,13.3,11.9
"11","Cumberland","0950","Commercial Twp",-10.9,-12.1,-9.5,-10.3,0,NA,0,7.1,-6,-1,-50,-13.2,-12.7,19.5,-10.9,17.1,-21.4,30.8,-14.6,-24,NA,NA,NA,NA
"11","Cumberland","0995","Cumberland Co Vocational",2.6,3.9,-16.1,5.5,42.9,-50,NA,-45.5,-8.1,-1.9,NA,NA,NA,NA,NA,NA,NA,NA,NA,NA,4.8,10,-1.8,-2.2
"11","Cumberland","0997","Cumberland Regional",3.4,0.2,-5.1,11.9,-20,112.5,0,12.1,-1.8,-0.7,NA,NA,NA,NA,NA,NA,NA,NA,NA,NA,1.8,-7.1,23,-1.8
"11","Cumberland","1020","Deerfield Twp",1.1,-4.9,3.2,6.2,NA,NA,NA,11.1,0.199999999999996,-4.6,-8.7,-8.3,4.2,9.5,4.2,-3.2,28,-31.4,3,14.3,NA,NA,NA,NA
"11","Cumberland","1120","Downe Twp",-6.3,-9,75,-14.3,NA,NA,NA,14.3,-1.9,-0.8,-33.3,-5.6,-21.1,280,-55.6,-11.8,28.6,-25,41.7,-11.8,NA,NA,NA,NA
"11","Cumberland","1460","Fairfield Twp",-13,-7.9,-15.5,-8.2,NA,-14.3,NA,-20.8,-3.2,0,-42.1,-20.9,-33.3,0,4.4,-21.3,3.6,6.2,-15,6.8,NA,NA,NA,NA
"11","Cumberland","1820","Greenwich Twp",-6,-7.7,-9.1,40,NA,NA,NA,-33.3,0.600000000000001,8.4,-56.2,-44.4,-10,-10,100,16.7,50,-40,-50,NA,NA,NA,NA,NA
"11","Cumberland","2270","Hopewell Twp",0,-6.3,3.2,20.2,42.9,0,NA,-23.5,-5.6,0.199999999999999,-10.3,-50.9,7.8,13.2,-17.8,-15.6,-7.7,9.8,-1.8,86.7,NA,NA,NA,NA
"11","Cumberland","2570","Lawrence Twp",-5.5,-3.5,-19.6,-6.8,0,-40,-100,16.7,-2.6,-1.8,-39.7,-8.3,-12,16.3,43.8,-41.9,1.7,15.4,-12.3,21.7,NA,NA,NA,NA
"11","Cumberland","3050","Maurice River Twp",-6,-6.7,0,7.7,0,NA,NA,-29.4,-3.4,-2.1,-16.7,32.3,0,-21.6,-14,-8.3,22.5,-17.4,-10.9,-12,NA,NA,NA,NA
"11","Cumberland","3230","Millville City",-4.8,-8.1,-2.8,-3.1,-10.9,0,0,-2.4,-0.700000000000003,-1.1,-27.1,-18.5,17.8,-14.5,2.8,-17.5,-1,1.8,-2.9,13.8,-0.5,-6.9,7.4,-0.6
"11","Cumberland","5070","Stow Creek Twp",0,-2.6,NA,33.3,NA,NA,NA,0,-4,4,7.7,-68.4,200,-33.3,0,-20,16.7,18.2,-21.4,80,NA,NA,NA,NA
"11","Cumberland","5300","Upper Deerfield Twp",-2.9,-5.2,-2.3,2.8,-10.5,-85.7,NA,5.3,-1,-0.9,1.2,13.9,15.9,-3.1,-8.1,2.7,-17.6,5.9,1.2,-26.7,NA,NA,NA,NA
"11","Cumberland","5390","Vineland City",-2.5,-4.6,-3.4,-1.8,-6.2,-6.5,-25,7.8,-57.2,-7,-28.9,-4.7,-4.4,-2.9,-5.7,-5,1.8,-7.2,2,3,0.9,9.7,4.1,-5.1
"13","Essex","0250","Belleville Town",-0.2,-3.1,3.6,0.9,-9.8,-20,0,55,20,3.1,68.3,-9.2,-12.4,-6.7,-13,-1.9,-6.3,-12.8,-7.6,24.4,6,-9.1,6.2,-4.7
"13","Essex","0410","Bloomfield Twp",-5.9,-11.2,-5.4,-2.1,-7.1,83.3,-11,-35.6,-2.1,-1.1,-41.7,0.7,-9.7,-15.4,2.7,-13.5,-2.5,-13.9,-2.6,-5.5,-3.7,1.3,-3.7,-3.5
"13","Essex","0660","Caldwell-West Caldwell",-1.6,-1.5,-4.6,-0.4,-6.9,NA,25,2.8,-0.899999999999999,-0.7,14.3,-18.4,-6.4,17.4,-10.9,8.7,-6.6,4.2,-20.4,10.2,2.3,-15.2,5,12.7
"13","Essex","0760","Cedar Grove Twp",-0.6,-2.1,32.7,11.6,-8.9,0,0,10,-0.1,0,-6.1,-15.6,15.7,24.4,-21.4,35.2,-29.3,-6.9,12.1,-10.9,5,-10.4,5.6,8.4
"13","Essex","1210","East Orange",-5.8,-11.3,-6.5,-0.7,-27.8,-3.8,7.1,14.9,-12.9,-1.7,-34,-6.8,-12.1,-1.7,2.4,-14.3,-4.4,-1.1,-7.8,7.4,0.5,-3.5,8.4,-9.1
"13","Essex","1387","Essex Co Ed Serv Comm",-7.9,0,0,-23.1,0,NA,NA,NA,-8.2,-1.2,NA,NA,-100,-100,NA,-50,200,-100,NA,-16.7,100,-53.8,0,-13
"13","Essex","1390","Essex Co Voc-Tech",-1.9,17.9,-0.9,-3,-11.8,-9.1,-10,7.8,11.1,1.7,NA,NA,NA,NA,NA,NA,NA,NA,NA,NA,-56.3,-3.3,13.2,7126.7
"13","Essex","1400","Essex Fells Boro",0.4,2.4,16.7,-38.5,9.1,NA,0,-7.7,0,0,0,23.1,-7.1,-15.2,19.2,-29.3,2.6,26.7,NA,NA,NA,NA,NA,NA
"13","Essex","1465","Fairfield Twp",1.5,0,100,5,21.4,NA,NA,-20,0.2,-0.3,5.6,-24,7.6,7.9,8.8,-27.2,27.1,20,NA,NA,NA,NA,NA,NA
"13","Essex","1750","Glen Ridge Boro",-2,-2.6,10.1,0,-1.8,100,25,-10.6,0.1,0,0,-14.4,24.8,-20,0.7,-6.5,-3.5,-11.1,8.5,-10,7.9,-4.9,7.5,1.9
"13","Essex","2330","Irvington Township",-5.2,-13,-6.4,-0.4,-29.4,-8.3,-15.8,-17.6,1.5,0.5,-16.4,-14.1,-5.9,-6.9,-6.6,-4.1,-12.5,2.2,-5.3,2.5,2.3,2.6,-4,0.6
"13","Essex","2730","Livingston Twp",-1.4,-6.2,-3.2,-2.5,6.2,9.1,0,5.1,-0.3,0.1,-26.1,-4,-7.8,3.8,-3.7,3.3,-9.1,-3.4,0.8,3.7,-2.4,10.4,-9.4,0.6
"13","Essex","3190","Millburn Twp",-2.4,-8.1,3.1,-8.8,4.6,-16.7,50,1.7,-0.3,0,-5.3,-4.3,-7.6,0.3,-5.1,-4.7,3.1,-9.1,-0.2,14.9,-12.6,8,-2.3,-8.4
"13","Essex","3310","Montclair Town",-3.6,-4.5,-5.3,-1.2,-5.4,-25,-28.6,5,0.399999999999999,-0.3,-26.7,-24.2,0.4,1.1,2.3,-7.3,-13.6,4.7,-5.9,-0.6,4.4,-1.4,-10,5.4
"13","Essex","3570","Newark City",-0.7,-5,-3.6,2.1,0.3,16.7,6.5,NA,-6.09999999999999,0.3,1.8,-4.2,-7,-3.4,3,-6,-3.1,-3,-1.5,2.2,9.5,8.3,6.3,-7.2
"13","Essex","3630","North Caldwell Boro",-0.7,-5.8,33.3,57.1,19.2,100,NA,-20,0,0,-13.6,-26.8,2.2,17.7,-20,2.9,20.9,-10.8,NA,NA,NA,NA,NA,NA
"13","Essex","3750","Nutley Town",-2.1,-4.8,2.7,1.6,-2.4,-14.3,0,21.8,0.100000000000001,-1.2,-27.3,-5.1,-7,5.1,-17.5,9.8,-1.4,0.3,-13.7,27.7,-3.1,-14.7,6.9,-0.7
"13","Essex","3880","City Of Orange Twp",-0.4,5.9,-3.4,2.8,33.3,25,-50,29,-4.5,-0.8,-10,14.1,-11.7,-3,0.3,1.6,-14.8,10.7,-4.2,-3.5,13.2,-7.9,9.2,-4.8
"13","Essex","4530","Roseland Boro",-2.4,-1.9,-12.5,1.7,-5.7,NA,-100,0,0.5,-0.2,-22.2,-7.3,6.9,-7.4,-4.3,9,11.5,-14.7,NA,NA,NA,NA,NA,NA
"13","Essex","4900","South Orange-Maplewood",-5,-5.8,-7.8,1,-4.7,12.5,12.5,4.9,-0.700000000000001,-0.3,-17.3,-25.6,-9.5,1.1,-8.8,-6.6,-2.1,-4.1,-2.2,1.2,-3.5,6.3,-6.8,-0.6
"13","Essex","5370","Verona Boro",-3.7,-2.6,-10,-8.4,-16.8,-20,0,10.9,0,0,-25,-14.8,1.2,0,-6.5,16.9,-4.1,-15.7,-1.7,-1.7,12.8,-18.2,-9.8,6.2
"13","Essex","5630","West Essex Regional",-1.5,-3.3,60,0.7,2.2,0,33.3,20.8,-0.8,-0.1,NA,NA,NA,NA,NA,NA,NA,NA,-1.4,-1.4,4.3,-1.9,-0.7,-6.6
"13","Essex","5680","West Orange Town",0.4,-2.2,-1,3.3,-2.8,-16.7,0,4.1,-2.8,0.5,-85.2,-6.2,-5.2,0,1.3,4.8,-16.2,7.3,1,0.8,3.9,-5.1,-2.4,23.4
"15","Gloucester","0860","Clayton Boro",-2.7,-4,-1.1,-1.4,-7.7,0,NA,-1.3,-1.7,-0.5,-24.8,-11.9,35.5,-21.5,-15.5,19.6,-2.9,-10.2,10.7,-12.8,0,-3.6,27.9,-14.6
"15","Gloucester","0870","Clearview Regional",0.8,0.7,0,7.2,1.1,-100,-100,-5,-1.3,-0.4,NA,NA,NA,NA,NA,NA,NA,NA,12.4,-12.2,3.9,-0.6,-4.1,9.9
"15","Gloucester","1100","Deptford Twp",-4.7,-7.1,-5.3,1.6,-1.9,0,-14.3,18.3,0.300000000000001,-0.9,-33.3,-12.4,-7.8,2.3,-11.7,6.7,-11.8,-14.3,-6.8,34.9,-2.8,-0.8,-8.9,4.2
"15","Gloucester","1180","East Greenwich Twp",-1.1,-1.7,10,-12.5,-1.9,NA,50,9.9,0.6,0.1,-15.4,-9.1,4.7,3,-8,-5.8,11.6,2.9,NA,NA,NA,NA,NA,NA
"15","Gloucester","1330","Elk Twp",-3.7,-6.2,2.4,0,16.7,NA,0,0,-10.6,-1.4,-56.2,43.2,-15,-17,-4.4,10.8,-9.3,14.3,NA,NA,NA,NA,NA,NA
"15","Gloucester","1590","Franklin Twp",-8.4,-8.1,-15.8,-10.1,-30.8,0,NA,5.4,-1.5,-0.899999999999999,-38.5,-23.4,-7.1,-5.2,-7,9.9,-23.6,0,NA,NA,NA,NA,NA,NA
"15","Gloucester","1715","Gateway Regional",-2.8,-5.4,8.2,2.3,-4.3,NA,-33.3,24,-4.7,-2.1,NA,NA,NA,NA,NA,NA,NA,NA,-10.1,6.2,7.6,-14.1,6.9,-9.8
"15","Gloucester","1730","Glassboro",-5.9,-9.4,-8.2,3.9,-8.1,0,0,-2.1,4.5,0.8,-46.4,-2.3,-16.8,-11.7,-18.9,10.2,-8.3,-13.5,-2.7,-0.7,1.6,-4.9,-5.8,27.9
"15","Gloucester","1774","Gloucester Co Spec Serv",-3.9,-7.1,-2.3,4.7,-28.6,-100,NA,6.7,-0.5,-1.6,-60,-50,-70,250,-83.3,-25,-37.5,-25,66.7,-100,30,-44.4,-77.8,-68.2
"15","Gloucester","1775","Gloucester Co Vocational",2.8,1.3,0,16.1,11.3,NA,100,1.4,-2.1,0.2,NA,NA,NA,NA,NA,NA,NA,NA,NA,NA,0,-5.3,7.2,11
"15","Gloucester","1830","Greenwich Twp",-14.5,-15.7,-20.8,-12.8,-28.6,NA,0,0,-15.3,-5.3,-100,-41.9,17.1,-26.7,-29.6,26.8,-26.4,4.1,8.7,-19.6,NA,NA,NA,NA
"15","Gloucester","2070","Harrison Twp",-8,-6.4,-8.8,-15.5,-21.9,0,NA,-11.8,-1.1,0,-40,-5.8,-6.1,-1.6,3.4,-8.1,-18.6,-5.7,NA,NA,NA,NA,NA,NA
"15","Gloucester","2440","Kingsway Regional",0.5,0,-2.5,-6.2,1.6,100,100,30.4,-0.5,0.3,NA,NA,NA,NA,NA,NA,NA,NA,-4.7,6.6,3.5,1.5,1.5,-3.9
"15","Gloucester","2750","Logan Twp",0.4,-0.5,9.1,6.9,11.1,0,NA,-15,-3.1,-0.5,31.8,58.5,-31.8,-30.1,8,-3.3,-2.2,5.4,29.2,-14.6,NA,NA,NA,NA
"15","Gloucester","2990","Mantua Twp",-5,-7.4,-6.6,8.6,-7.4,NA,NA,24.1,-2,-0.4,-11.4,3.2,11.4,-23.1,8.2,-10.2,-2.4,-10.9,NA,NA,NA,NA,NA,NA
"15","Gloucester","3280","Monroe Twp",-0.8,-3.1,4.2,3.1,-1.2,-6.7,0,6.5,-3.9,-1.1,-25,10.5,-5.6,-6.7,-4.4,-9.3,0.5,0.2,-6.3,3.2,4.6,0.2,-5.1,15.2
"15","Gloucester","3490","National Park Boro",1.4,-3.7,31.2,17.6,NA,0,NA,44.4,0.200000000000003,1.6,11.1,-7.9,8.8,-14.6,5,0,-2.6,40,NA,NA,NA,NA,NA,NA
"15","Gloucester","4020","Paulsboro Boro",-2.4,-6.8,-7.3,22,14.3,0,-25,-2,-40.3,0,-40.2,-25,2.2,-2.2,7.4,2.5,-12.9,64.9,-10.8,-3.2,-4.1,20.5,-4.5,8.2
"15","Gloucester","4140","Pitman Boro",-9.3,-9,-18.2,-15.9,-13.3,NA,50,-4.9,-8,-2.4,-57.6,-20.7,-14,10.5,-33.3,20,-18.9,-12.1,-5,-17,32.9,-23.3,-4.5,-7.1
"15","Gloucester","4880","South Harrison Twp",-4.5,-4.8,-33.3,-40.9,20,NA,NA,333.3,1.5,-1.1,-61.1,25.7,-33.3,39.5,-16.7,-4.3,-4.3,2.2,NA,NA,NA,NA,NA,NA
"15","Gloucester","4940","Delsea Regional H.S Dist.",-3.2,-3.9,-6,0.7,-23.1,NA,NA,9.2,-10,-1.6,NA,NA,NA,NA,NA,NA,NA,NA,-15.1,-1.1,4.1,0,8.1,-11.6
"15","Gloucester","5120","Swedesboro-Woolwich",-5.4,-5.2,-10.1,-3,-17.6,-50,-100,20,-2.5,-0.899999999999999,-22,6,-2.9,-1.6,-11.5,-5.5,20.9,-23.4,NA,NA,NA,NA,NA,NA
"15","Gloucester","5500","Washington Twp",-2.9,-4.6,-0.3,17.2,-3.6,-33.3,-28.6,-2.5,-0.699999999999999,-0.6,-3.7,-17.1,-4.7,-7.6,-7.9,4.3,-3.4,2.2,0.4,-5.3,2.7,-12.5,6.7,1.9
"15","Gloucester","5590","Wenonah Boro",-0.6,0,NA,-20,0,NA,NA,0,-0.6,-1.8,37.5,-44.4,70.6,-33.3,114.3,-36,21.1,-35.7,NA,NA,NA,NA,NA,NA
"15","Gloucester","5620","West Deptford Twp",-2.1,-2.2,-4.5,2.7,4.5,0,0,-8.8,-1.2,-1,-11.3,-15,8.8,-3.3,-7.3,-13.4,17.5,-8.9,1.6,-6.4,-6.2,-2.3,-4.9,20.2
"15","Gloucester","5740","Westville Boro",-5.8,-6,-7,-3.2,-5.9,NA,NA,-20,-8,4.3,-25,0,7.3,-24,-4.8,2.3,0,-15.7,NA,NA,NA,NA,NA,NA
"15","Gloucester","5860","Woodbury City",-0.6,-12.1,5.6,0.9,13.6,0,-50,5,-6.3,-0.899999999999999,-26.6,0.9,0.9,-18.4,4.3,18.4,-7,10.6,0,3.8,1.8,16.5,3.5,-3.5
"15","Gloucester","5870","Woodbury Heights Boro",-7.7,-7.6,-30,9.1,-50,NA,0,16.7,-2.4,-0.3,-100,3.3,-27,11.4,-11.4,-8.6,13.3,10.7,NA,NA,NA,NA,NA,NA
"17","Hudson","0220","Bayonne City",-0.7,1.3,10.7,-6.6,-1.6,86.7,28.6,12.2,-3.6,-0.9,-13,2.6,-8.7,3.1,-0.9,-0.6,-10.8,3,-1.3,1.5,6.6,8.8,-5.9,0.9
"17","Hudson","1200","East Newark Boro",-1.3,-29.4,0,-1.9,100,NA,NA,300,-0.900000000000006,2.3,11.8,50,55.6,-43.8,-48.3,20,30.8,4.8,-20.7,-13.3,NA,NA,NA,NA
"17","Hudson","1850","Guttenberg Town",-6.2,-4.5,12.5,-7.4,36.4,0,NA,33.3,-5,0,-57.1,-12.6,4.9,-3.9,-10.4,21.7,-10.5,-22.1,-8.7,8.2,NA,NA,NA,NA
"17","Hudson","2060","Harrison Town",-1.6,-8.4,7.5,-1.5,5.9,NA,0,-7.7,-0.0999999999999943,-0.799999999999999,0,-4.1,2.9,0,-2.2,-15.5,0,7.1,0,6.6,-11.1,3.5,1.2,-5.5
"17","Hudson","2210","Hoboken City",-0.1,2.5,-5.7,-2.3,4.2,33.3,-33.3,0,-1.4,-0.6,-100,-3,9.7,8.8,0,0,12.9,-0.8,-13.7,74,-5.4,-0.9,-12.5,29.6
"17","Hudson","2295","Hudson County Vocational",-2.1,-2.9,-5,-3,-1.4,-78.9,-25,59.1,-0.900000000000006,-0.9,NA,NA,NA,NA,NA,NA,NA,-25.8,38.3,7,-13.6,2.1,2.4,0.8
"17","Hudson","2390","Jersey City",-4.1,-1.4,-6.6,-5.3,-2.3,-5,25.8,4.8,-1.3,0.3,-13.7,-9.1,-5.4,-11.1,-1.9,-4.3,-4,-14,-4.4,2.6,2.1,5.8,4.4,3.3
"17","Hudson","2410","Kearny Town",-3,-5.8,5.3,-1.9,-3,-16.7,-20,10.8,1,-0.4,-8.5,-3,-1.9,-3.9,0.6,-0.9,-4.8,-12.3,-4.1,-2,1.9,7.4,-4.3,0.5
"17","Hudson","3610","North Bergen Twp",-2.3,-3.9,15.6,-2.5,4.3,-40,0,0,-9.4,-2,-10.6,0.8,8.4,-4.9,-9.7,-3,-1,6.5,-3.4,-3.8,-2.2,-0.2,1.9,-4.7
"17","Hudson","4730","Secaucus Town",-3.2,-5.9,-7.9,-7.3,5.2,-100,0,2.9,-2.2,-1.1,11.2,-6.3,-14.3,9.4,-1.3,-11.1,-7.9,-11.3,12.9,-7.9,10.8,15.9,-8.6,-19.8
"17","Hudson","5240","Union City",-3.1,-3.1,15.7,-3.6,9.7,0,0,200,-21.1,-4.2,-24.1,-8.1,-5.5,-5.2,-3.8,0.2,1.8,-3.6,-9.5,8.2,-5.8,-0.2,5,-3.9
"17","Hudson","5580","Weehawken Twp",-6.6,-4.4,-16.7,-6.9,-10.6,0,NA,10.5,6.7,-0.4,-9.1,-23.2,20,-22.2,-12.1,-8.1,-13.5,-1,1.1,3.4,-14.3,-18.4,3.2,3.2
"17","Hudson","5670","West New York Town",-3.8,-3.6,-13.2,-3.7,-5,NA,50,-25,-2.59999999999999,-0.199999999999999,-15.3,-18.8,-7,-5.2,-3.4,-4.2,-4,0.2,-7.8,4.3,-2.9,-7.1,2.7,20
"19","Hunterdon","0020","Alexandria Twp",-3.1,-2.2,0,3,-50,NA,NA,22.2,-1.9,0.7,-51.4,35.1,-5.7,-20.4,0,-19,11.3,-5.3,0,23.4,NA,NA,NA,NA
"19","Hunterdon","0370","Bethlehem Twp",-4.1,-2.7,100,-17.9,-18.2,NA,NA,0,1,-1.7,-40.9,18.5,25,-41.7,-15.4,10.5,7.7,-5,26.5,-16.3,NA,NA,NA,NA
"19","Hunterdon","0430","Bloomsbury Boro",-2.2,1.6,0,-50,0,NA,NA,-33.3,1.6,3.4,-75,-27.3,22.2,9.1,0,30,-30,25,0,250,NA,NA,NA,NA
"19","Hunterdon","0670","Califon Boro",15.4,10.8,NA,20,NA,NA,NA,66.7,-3.8,0,-7.7,50,66.7,NA,-100,37.5,0,83.3,-53.3,114.3,NA,NA,NA,NA
"19","Hunterdon","0910","Clinton-Glen Gardner",-3.4,-3.2,18.8,0,-20.6,NA,-20,0,-1.3,0,-38.9,-24.5,19,28.1,-28.3,2.3,0,-14,19.1,-4,NA,NA,NA,NA
"19","Hunterdon","0920","Clinton Twp",-1.1,-5,37.5,28.1,0,-100,NA,8.7,0.9,-0.6,-9.4,-8.2,7.4,9.5,-8.9,-3,-1.5,4.5,-12.4,4.3,NA,NA,NA,NA
"19","Hunterdon","1040","Delaware Twp",-5.8,-2,-25,-20,-28.6,NA,NA,-16.7,-1.8,-1.8,-44.4,58.6,-32.4,-2.5,-11.9,16.7,-18.2,7.3,8.8,-25.5,NA,NA,NA,NA
"19","Hunterdon","1050","Delaware Valley Regional",-1.1,-4.5,6.7,43.8,44.4,NA,NA,0,0.7,-0.3,NA,NA,NA,NA,NA,NA,NA,NA,NA,NA,-16.8,0.5,11.1,3.9
"19","Hunterdon","1160","East Amwell Twp",-5.1,-5.2,-50,4.7,-12.5,NA,NA,16.7,-2.1,0,-16.1,-15.6,-20.5,5.6,-2.5,2.7,-13.2,26.7,12.9,-22.5,NA,NA,NA,NA
"19","Hunterdon","1376","South Hunterdon Regional School District",-6.8,-9.5,-6.2,1.3,0,NA,NA,-3.2,1,-0.2,-20.7,-27.3,25,-7.4,-8.9,-37.6,31.7,-11.8,0,-22.9,-1.3,5.5,-14.5,7.7
"19","Hunterdon","1510","Flemington-Raritan Reg",-3.8,-6,-12,1.6,-0.3,0,66.7,8.9,-1,0.1,13.6,-11.1,0.7,-6.3,0.3,11.5,-14.2,11.4,-16.7,-1.8,NA,NA,NA,NA
"19","Hunterdon","1600","Franklin Twp",-7,-11.4,700,10.7,-21.4,NA,NA,NA,-1.5,0,-63.2,-3.6,61.1,10,-18.2,-24.1,-11.8,6.5,-23.7,9.1,NA,NA,NA,NA
"19","Hunterdon","1680","Frenchtown Boro",-10.7,-11.3,-75,37.5,-25,NA,NA,-12.5,1.4,1.1,-84.6,-40,157.1,-60,-26.7,0,62.5,-61.5,-26.3,122.2,NA,NA,NA,NA
"19","Hunterdon","1970","Hampton Boro",-14.6,-17.1,-100,14.3,NA,NA,NA,0,-7.8,-0.9,-100,91.7,12.5,-56.2,100,-33.3,-8.3,NA,NA,NA,NA,NA,NA,NA
"19","Hunterdon","2140","High Bridge Boro",-0.3,-6.6,28.6,22.2,25,0,NA,16.7,2,-0.9,30.8,37,-7.1,3.6,-29.5,32.3,-18.9,7.7,-11.6,-6.5,NA,NA,NA,NA
"19","Hunterdon","2220","Holland Twp",-5,-6,25,4.3,0,NA,-100,33.3,-0.6,-0.7,-58,-7.1,-2.4,-29.6,-5.7,21.3,-6,-7.1,-13.4,41.5,NA,NA,NA,NA
"19","Hunterdon","2300","Hunterdon Central Reg",-2.6,-4.5,7.4,8.1,-17,0,25,69.4,-0.4,0.3,NA,NA,NA,NA,NA,NA,NA,NA,NA,NA,-2.4,1.5,-8.9,-0.3
"19","Hunterdon","2308","Hunterdon Co Vocational",6.1,2,18.8,28.8,50,-100,NA,-32.1,1.5,-0.9,NA,NA,NA,NA,NA,NA,NA,NA,NA,NA,53.7,8.6,-3.1,-9.5
"19","Hunterdon","2450","Kingwood Twp",-5,-10.5,350,25,-20,NA,0,200,-0.699999999999999,1.6,7.7,-19.4,30.4,-37.5,-16.3,0,35.7,-18.2,-9.6,10.9,NA,NA,NA,NA
"19","Hunterdon","2590","Lebanon Boro",-5.2,-10.1,66.7,-20,0,NA,NA,NA,1.3,0,-53.8,100,-23.1,-25,30.8,-7.7,100,-53.3,NA,NA,NA,NA,NA,NA
"19","Hunterdon","2600","Lebanon Twp",-8.6,-10.3,-18.2,31.8,12.5,0,0,NA,0.699999999999999,-1.1,-100,-21.8,-10.2,20,-22.2,17.9,-9,-6.2,-1.3,-12.5,NA,NA,NA,NA
"19","Hunterdon","3180","Milford Boro",-11.7,-6.4,0,-12.5,-66.7,NA,-100,NA,0.800000000000001,-8.3,-25,-50,-15.4,160,-16.7,100,-63.6,NA,NA,NA,NA,NA,NA,NA
"19","Hunterdon","3660","N Hunt/Voorhees Regional",-6.5,-7.8,7.3,4.9,-7.6,20,NA,-5.4,-0.2,-0.6,NA,NA,NA,NA,NA,NA,NA,NA,NA,NA,-1.1,-10.9,-4.4,-9.6
"19","Hunterdon","4350","Readington Twp",-4.9,-7,21.1,2,-1.6,0,0,13.3,0.3,0.1,-64,-5.9,-6.6,7.4,7.4,-23.2,25.5,-14.9,6.7,-11.1,NA,NA,NA,NA
"19","Hunterdon","5180","Tewksbury Twp",-7,-8.6,500,-5.7,-10,NA,NA,-7.7,0.7,0,-40,-5.1,4.7,-18.9,17.4,-16.1,-1.7,-7.6,3.2,-24.4,NA,NA,NA,NA
"19","Hunterdon","5270","Union Twp",-9.6,-10,-50,18.2,-25,100,0,40,-1.8,-0.2,-52,-21.6,2.8,-20.5,5.6,-20.4,17.1,-22.2,5.8,-14.8,NA,NA,NA,NA
"21","Mercer","1245","East Windsor Regional",-3.6,-7.7,-7.5,-0.6,-2.1,33.3,18.8,-7.3,0,-1.3,-17.9,-16.7,-5.9,6,-7.4,-5.8,-2.4,-4.3,-7.1,11.1,-10.1,-2,-20.4,21.2
"21","Mercer","1430","Ewing Twp",-2.1,-8.1,-2.8,6.4,-8.2,NA,25,13,-1.1,0,-97.6,-17.5,8.5,-13,-2.7,-8.4,-9.1,5.6,7.9,2.9,30.3,1.9,-19,17.5
"21","Mercer","1431","Katzenbach",4,13.8,5.3,0,-25,NA,NA,0,6.1,-1.7,50,-100,0,-100,-66.7,NA,-100,NA,-100,NA,NA,NA,NA,0
"21","Mercer","1950","Hamilton Twp",-1.5,-4.6,-2,1.8,1.2,-7.7,22.2,4.1,1.4,0.300000000000001,-18.3,-6.9,-1.6,-2.2,-5.9,4.2,-9.2,5.9,2.9,-2.7,-3.7,4,-7.5,6.9
"21","Mercer","2280","Hopewell Valley Regional",-1.1,-2.3,3.1,8,-0.4,NA,0,3.7,-0.3,-0.1,7.8,-7.5,-11.6,11.4,-0.9,12.4,-13.7,-3.2,3.4,0.7,-6,-6.5,-0.6,6.2
"21","Mercer","2580","Lawrence Twp",-4.2,-6.4,-0.2,-0.1,-6.9,50,-25,-3.1,1.1,-0.4,-46.6,-5.9,-9,-7.9,-7.7,8.4,4,-13.7,-6.4,0.3,-3.4,-4,3.1,3
"21","Mercer","3103","Mercer County Special Services School District",-7.8,-13.3,-10.3,0,-9.1,0,NA,-7.1,2.09999999999999,-0.5,-75,-100,100,-100,100,NA,-100,-100,-25,0,25,50,0,-33.3
"21","Mercer","3105","Mercer County Vocational",3.9,6.1,-21.8,23.3,18.3,-100,NA,-14.3,-0.0999999999999979,0.2,NA,NA,NA,NA,NA,NA,NA,NA,NA,NA,8.3,-3.4,16,-3.4
"21","Mercer","4255","Princeton Public Schools",-4.7,-7.6,0.2,-5.7,-1.6,-50,0,4.9,0.6,-0.5,-30.6,-29.5,-6,-18.4,-3.9,0.9,-8.7,1.5,-4.9,13.9,-11.3,-9.8,-1.5,18.8
"21","Mercer","5210","Trenton Public School District",1.8,8.3,7.9,-2.1,-25.8,0,33.3,32.8,-22.8,-0.3,-100,2.6,3.7,0.7,1.5,-2.6,3.8,15.4,3.9,-6.3,-20,13.2,11,-1.2
"21","Mercer","5510","Robbinsville Twp",-2.3,-7.9,18.1,-1.6,4.3,14.3,0,5,0.4,-0.1,-56.2,-16,-2.8,-0.6,-19.1,-4.5,11.2,-15.1,11.8,-4.6,3.6,-20.3,29.3,5.7
"21","Mercer","5715","W Windsor-Plainsboro Reg",-2.4,-10.6,2.6,7.2,-2.1,80,-14.3,33.3,0.7,-0.6,-20.8,-11.9,-2.6,-1.3,-4.6,-5.2,-4.1,0.3,-3.9,0.4,-5.3,-1,0.6,10.6
"23","Middlesex","0750","Carteret Boro",-3.6,-9.7,-6.4,-2.9,-0.3,-20,-20,-6,-5.5,-1,-15.5,10.9,-8.5,-5.1,0.8,-3.1,-15.9,1.6,16.7,-7.7,-8.5,-18.1,13,-11
"23","Middlesex","0970","Cranbury Twp",-4.4,-6.1,17.6,-9.1,-1.8,NA,NA,-9.1,0.1,0.5,-68.4,0,16.7,-22.7,-29,34,-6,-30,36.4,3.6,NA,NA,NA,NA
"23","Middlesex","1140","Dunellen Boro",-2.1,-8.7,-1.3,2.5,-3,0,0,-11.8,0.100000000000001,-0.4,28.6,-4.8,-23.6,3,27.3,-5.6,4.8,-9.8,-15.9,22.7,-10,2.4,-20.2,28.7
"23","Middlesex","1170","East Brunswick Twp",-2.2,-5.5,0.2,8.9,-1.6,21.4,13.6,7.1,1,-0.0999999999999996,10.3,-6.7,-17.6,-1.1,4.6,-0.2,-2.3,-7.2,0.2,5.1,2,-10.4,1.6,3.1
"23","Middlesex","1290","Edison Twp",-0.3,-7.3,-3.4,1.1,0.8,21.7,-5,1.5,-4.1,0.5,-44.9,9.7,-1.2,-8.9,3.1,-0.4,-1.7,-1.1,-3,3.7,2,3.5,-6.3,7
"23","Middlesex","2150","Highland Park Boro",-3.1,-4.8,10.3,1.8,-9.9,0,-33.3,-5,2.1,-1.1,1.7,-30.6,-9.6,-5.2,-2.6,5.9,-19.8,3.5,0.8,-11.9,34,-10.5,11.7,8.5
"23","Middlesex","2370","Jamesburg Boro",-7,-10.2,4.5,-5.4,-11.8,100,-50,-30,-2.2,-0.299999999999999,-18.3,3.9,-12.7,-18.2,-10.1,-2.7,27.3,-17.2,13.3,-13.9,NA,NA,NA,NA
"23","Middlesex","3120","Metuchen Boro",0.4,-3.2,9.5,4.4,2.4,0,25,9.8,-0.600000000000001,-0.1,-33.3,24.7,-12.5,-16.8,17.2,-13.9,2.1,5.6,3.5,1.1,4.6,-7.6,3.2,12.9
"23","Middlesex","3140","Middlesex Boro",-3.7,-7.2,-0.4,3,-12.8,0,-14.3,-3.8,0.700000000000003,0.3,-54.5,-27.1,5.2,19.4,-23,1.4,10.6,3.9,-12.9,-1.8,12.5,-19.5,0.9,3
"23","Middlesex","3145","Educational Services Commission Of New Jersey",-8.1,-6.4,-12,-13.8,1.1,100,-100,87.5,0.6,-0.4,-50,100,50,0,100,-33.3,-42.9,100,-50,0,100,-36.4,100,-25
"23","Middlesex","3150","Middlesex Co Vocational",1.9,1.4,0.3,0.9,5.6,NA,100,-18.2,-2.59999999999999,0.199999999999999,NA,NA,NA,NA,NA,NA,NA,NA,NA,NA,-1.5,5.1,4.8,0.1
"23","Middlesex","3220","Milltown Boro",-3,-3.5,3.1,-4.5,0,-25,0,18.8,0.9,-0.0999999999999996,-55.8,7.1,5.2,7,-30.8,35.6,-19.2,15.7,6.2,-10,NA,NA,NA,NA
"23","Middlesex","3290","Monroe Twp",1.1,-7.3,3.6,9.9,7,500,22.2,11.1,0.100000000000001,-0.0999999999999999,-36.8,3,-5.6,2.1,-7.3,7.1,-3.6,-0.2,-1.8,3.5,14.7,-2.7,-9,13.8
"23","Middlesex","3530","New Brunswick City",-0.8,-16.9,-9.4,0.1,-2.6,-11.1,100,-3.4,21.6,-5.7,-12.5,-3.5,-13.6,-9,-5.3,-3.6,-5.6,6.4,0.6,15.6,6.3,0.2,13.4,19.3
"23","Middlesex","3620","North Brunswick Twp",-3.2,-10,-2,-0.8,-4.2,45.5,-14.3,0.7,-4.8,-0.6,79.3,-19,1.1,-5.6,-13,-6.5,-10,-0.2,-11.9,-1.1,0.3,-2.6,1.5,0.4
"23","Middlesex","3845","Old Bridge Twp",-4.2,-6,-6.6,0.9,-3.1,9.1,37.5,13.4,-1.2,-1.5,NA,-20.5,6.1,-6.1,-12.2,2.4,-6,-2.2,-8.5,-0.6,-6.4,4.5,-2.3,-4.4
"23","Middlesex","4090","Perth Amboy City",-2.2,-3.5,-2.5,-2,-10,0,0,-15.8,-7.8,2.5,-5.1,-10.3,-5.9,-2.4,-0.3,-5.3,-0.9,-4.1,-0.5,5.8,-14,13.2,27.7,0.8
"23","Middlesex","4130","Piscataway Twp",-2,-7.5,-4.8,1.5,0,4,13.6,-2.8,-1.8,-1.9,10.1,-4.2,-5.6,-0.4,-7.5,5.4,-8.5,9.8,-9.2,9,-10.4,0.8,-10,1.8
"23","Middlesex","4660","Sayreville Boro",-3,-2.9,-1.9,-8.3,-1.7,35.9,-4.2,7.7,0.699999999999999,-1.2,25.1,-10,-3.2,-2.6,-1.2,-9.1,-0.4,-12.9,6.2,-5.4,6.2,-11.4,-3.8,0
"23","Middlesex","4830","South Amboy City",-2.1,-5.7,0,2.2,-5.4,NA,0,14.3,0.300000000000004,-0.4,-16.9,-12.7,-25.5,6.8,-7.7,7.2,-16.9,3.4,0,25.7,-14,-13.8,37,-3.8
"23","Middlesex","4860","South Brunswick Twp",-2.6,-9,2.3,0.9,-1.8,61.1,14.3,0,-0.4,-0.0999999999999996,-15,-6,-1.5,-10.4,3.6,-10.2,4,-3.9,1.7,-13.6,0,-2.8,-0.3,5
"23","Middlesex","4910","South Plainfield Boro",0.1,-2.4,-2.7,1.6,1.6,175,0,25.4,-2.3,-0.2,-40,-2.8,1.7,-3.1,0,6.1,5.2,-10.9,-12.9,5.7,2.2,1.7,-3.8,16.2
"23","Middlesex","4920","South River Boro",-1,-2.3,5,-1,-1.8,0,0,9.8,2.8,0.6,16.7,-14.9,-14.1,7.9,-5.3,-13.4,13.5,-18.1,22.6,-11.2,-2.4,4.4,11,0
"23","Middlesex","4970","Spotswood Boro",-4.2,-6.1,0,1.8,-4.5,20,NA,0,0.100000000000001,-0.5,-34.9,-26,25.7,-14.5,-33,15.4,-25.2,24.7,-22.8,17.1,-6.8,9.4,1.9,-1.8
"23","Middlesex","5850","Woodbridge Twp",-0.4,-3.8,0.6,2.8,-0.4,0,NA,13.1,-1.1,-0.600000000000001,-7.3,-13.3,-0.8,1.2,2.7,1.1,-10.9,-1.9,0.9,4.3,4.3,-8.7,5,9.5
"25","Monmouth","0100","Asbury Park City",-8.4,-16.9,-9.1,-7.1,NA,NA,NA,0,-4.59999999999999,0,-40.7,2.1,-27.7,-4,-23.5,-3.3,-21.3,20.6,2.1,-12.6,-2.5,13.9,-16.9,46.9
"25","Monmouth","0130","Atlantic Highlands Boro",-15.3,-16.9,0,0,-25,0,NA,0,-1.9,0.9,-100,22.2,-10.8,19.4,-16.2,-5.1,0,10.7,NA,NA,NA,NA,NA,NA
"25","Monmouth","0180","Avon Boro",6.4,11.7,50,-33.3,50,NA,NA,NA,-2.1,-0.8,85.7,40,0,-10,-40,23.1,-26.7,13.3,-11.1,50,NA,NA,NA,NA
"25","Monmouth","0225","Bayshore Jointure Comm",0,-9.1,14.3,12.5,0,NA,NA,NA,0,-3.8,NA,NA,NA,NA,NA,NA,NA,-100,-50,200,100,100,0,NA
"25","Monmouth","0270","Belmar Boro",-10.1,-13.8,-23.8,-5.8,-14.3,0,NA,-16.7,-2.8,-2.2,3.8,-9.1,8.6,-22.9,-20.5,-23.4,-8.7,17.9,-29.8,21.2,NA,NA,NA,NA
"25","Monmouth","0500","Bradley Beach Boro",-4.7,-11.6,0,-0.6,0,NA,0,-25,2.8,-0.6,-10.7,-8.7,-11.5,0,-13.3,21.7,-33.3,6.7,23.1,-9.7,NA,NA,NA,NA
"25","Monmouth","0560","Brielle Boro",-1.4,-1.2,0,11.8,33.3,-50,0,-60,-0.2,-0.2,-23.8,-2.1,4.1,-12.7,8,15.2,-19.7,-4.5,31.5,-13.6,NA,NA,NA,NA
"25","Monmouth","0945","Colts Neck Twp",-3.8,-6.1,26.7,27.5,-23.5,0,0,14.3,-0.7,0,-40.2,-15.5,-2,12.9,10.3,15.7,-10.2,10.4,-10.6,-8.1,NA,NA,NA,NA
"25","Monmouth","1000","Deal Boro",-3.1,-1.8,-18.5,14.3,0,NA,NA,0,14.1,1.3,NA,18.8,5.9,-5.3,42.9,-21.1,0,5.3,25,-60,NA,NA,NA,NA
"25","Monmouth","1260","Eatontown Boro",-3.2,-4.1,-15.3,2.8,-2.8,NA,NA,12.5,-1.4,-0.4,-10.7,-9.3,-3.3,6.7,-9.5,6.7,-6.4,0,-8.6,1,NA,NA,NA,NA
"25","Monmouth","1440","Fair Haven Boro",-1.9,-3.3,NA,57.9,-55.6,NA,NA,66.7,0,-0.1,-20.7,2.4,15.4,-10.6,7.1,-13.5,-6.9,-5.7,7.1,0,NA,NA,NA,NA
"25","Monmouth","1490","Farmingdale Boro",-1.2,3.5,-23.1,20,-50,NA,0,-50,0.300000000000001,-1.8,10.5,11.1,14.3,-31.6,46.7,18.2,-18.8,7.1,-20,-30,NA,NA,NA,NA
"25","Monmouth","1640","Freehold Boro",-1.3,-9.1,-6.4,0.1,0,NA,-100,11.8,-0.0999999999999943,-1.7,-7.6,-4.5,-1.9,-1.3,-11,2.5,-1.2,-5.8,0,10.8,NA,NA,NA,NA
"25","Monmouth","1650","Freehold Regional",-1.8,-3,-4.1,3.9,-1.1,200,-20.9,7.5,-0.5,0,NA,NA,NA,NA,NA,NA,NA,NA,NA,NA,-1.4,-2.1,0.7,-3.6
"25","Monmouth","1660","Freehold Twp",-3.1,-4.5,2.8,4.2,-4,-30,-16.7,8.3,-0.299999999999999,-0.3,-14.7,-17.1,-5.4,3,-6.8,-8.3,0.7,-2.8,-12.7,15,NA,NA,NA,NA
"25","Monmouth","2105","Hazlet Twp",-4,-5.5,8,-1.8,0.6,NA,0,27.2,-0.5,-0.6,-39.4,12.3,-18.5,10.7,-6.5,5.6,-9.5,1.1,-10.8,-9.2,-4.5,2.7,-4.2,5.5
"25","Monmouth","2120","Henry Hudson Regional",-7.6,-9.4,34.8,-2.7,25,NA,NA,-63.6,-1,0.399999999999999,NA,NA,NA,NA,NA,NA,NA,NA,-22.2,-17.1,28.7,-18.8,27.5,-24.5
"25","Monmouth","2160","Highlands Boro",-2.8,-3.7,-40,0,200,NA,NA,0,1.2,-1.5,-31.8,4.2,-25,42.1,-25,0,40,-16.7,NA,NA,NA,NA,NA,NA
"25","Monmouth","2230","Holmdel Twp",-3.5,-2.7,-5,-4.2,-8.2,-66.7,-31.2,7.4,0.6,-0.1,-65.9,-10.3,-15.6,0.5,-7.4,-15.3,14.2,-21.2,-2.2,4.2,4,-6.6,-5.5,9.3
"25","Monmouth","2290","Howell Twp",-3.4,-3.8,6.4,-7.1,-4.9,0,-50,12,-0.699999999999999,-0.1,-36.2,-8.6,0.2,5.1,-7.5,2.6,-7.5,-11.7,-1.1,4.7,NA,NA,NA,NA
"25","Monmouth","2400","Keansburg Boro",-6.4,-10.6,-6.3,1,-5,-33.3,0,7.7,-8.2,2.1,-34.3,-16.1,-16.4,-6.7,2.9,-13.3,23.7,-19,-1,-8.1,1.1,16.7,-11.9,-21.3
"25","Monmouth","2430","Keyport Boro",-8.5,-12.5,0.7,-2.8,-23.5,NA,-100,-8.3,-21.5,-0.2,-30.2,-24.2,-5.1,-10.8,13.3,-27.6,23.7,-28,11.4,-1.5,-6.5,0.6,-16.6,-8.7
"25","Monmouth","2720","Little Silver Boro",-6.1,-6.6,-50,13.3,-15.4,NA,NA,0,-0.3,0,-10,-16,14.7,-27.8,3.6,-15.7,-1.1,-7.9,14.4,-12.3,NA,NA,NA,NA
"25","Monmouth","2770","Long Branch City",-6.6,-10.4,-13.8,-3.5,-10.3,-12.5,0,0.3,0.900000000000006,-2,-24.1,-8.9,-12,1.8,-3.5,1.7,-4.7,5,-22,0,-5.5,-0.3,-10.7,0.2
"25","Monmouth","2920","Manalapan-Englishtown Reg",-5.4,-7.1,9.2,-1,-1.2,0,0,2.3,-0.3,0.2,-27.3,-23.3,3.1,-17.5,2.3,8.7,-13.3,3.4,-1.6,-7.4,NA,NA,NA,NA
"25","Monmouth","2930","Manasquan Boro",3.7,3.3,-33.3,9.7,-28.6,0,100,250,-0.100000000000001,-0.3,19,13.6,17.5,16.7,0,-3.8,-3.3,-8.6,15.6,-18.2,11.5,-9.6,1,24.1
"25","Monmouth","3030","Marlboro Twp",-4.6,-5.8,-5.7,-0.3,-2.9,0,0,-0.9,-0.2,-0.1,NA,-18.2,-2.2,19.1,-29.7,2.9,4.4,-6.6,-5.4,-4.2,NA,NA,NA,NA
"25","Monmouth","3040","Matawan-Aberdeen Regional",-6.1,-7,-11,-1.7,-5.8,-25,20,0.3,-1.1,-0.399999999999999,-88.5,-15.6,-8.6,-10.9,3.5,1.6,-26.5,13.1,4,-15.9,10.2,2.3,-8.4,6.2
"25","Monmouth","3160","Middletown Twp",-4.1,-5.1,-2.3,1.5,-2.7,20,-12.5,3.5,-0.6,0.2,-16.4,-9.1,-14.8,2.2,-2,-11.6,2.1,-6,-1.9,-1.6,-0.4,-14.9,13.3,-4.6
"25","Monmouth","3200","Millstone Twp",-5,-9.3,13,41.7,6.9,0,NA,0,1.4,-0.3,7.3,-1.3,-23.4,-25,31.9,0,16.5,-5.9,0,-4.8,NA,NA,NA,NA
"25","Monmouth","3250","Monmouth Beach Boro",10.8,9,NA,42.9,0,NA,NA,200,0,0,18.8,5.6,-15.4,30.4,26.3,16.7,45,-3.8,-13.3,16.7,NA,NA,NA,NA
"25","Monmouth","3255","Monmouth-Ocean Ed Ser Com",-17.6,133.3,-45.5,-66.7,NA,NA,NA,NA,-24.3,1.2,NA,NA,NA,NA,NA,NA,NA,NA,NA,NA,NA,-66.7,200,0
"25","Monmouth","3260","Monmouth Co Vocational",-1.4,-4.5,-7.9,-1.6,6.2,-20,-9.1,19.6,-1.7,-0.4,NA,NA,NA,NA,NA,NA,NA,NA,NA,NA,3.7,2.2,-7.7,1.7
"25","Monmouth","3270","Monmouth Regional",1.9,1.7,5.4,1.1,-1.3,0,0,1.4,-0.899999999999999,-0.5,NA,NA,NA,NA,NA,NA,NA,NA,NA,NA,1.6,-1.1,-18.1,27.4
"25","Monmouth","3500","Neptune City",-13.4,-27,-14.8,-2.4,-66.7,NA,NA,18.2,-8.3,4.6,-20,-15.4,-8,0,-29.6,-7.1,13.6,-4.5,-13,-29.2,NA,NA,NA,NA
"25","Monmouth","3510","Neptune Twp",-4.5,-9,-5,-0.2,-4.7,0,20,-7.1,3.8,0.199999999999999,-26.4,-4.3,-12.9,-1.3,8.9,1.9,-4.2,-1.4,-4.3,1.7,-19.3,10.9,-11,12.4
"25","Monmouth","3810","Ocean Twp",-0.6,1.2,-6.3,-1.4,-8.7,0,-33.3,22.1,-2.8,-0.4,74.1,-7.8,10.2,-7.5,-9.4,7.2,-20.2,-1.6,-2.8,-5.1,-1.2,14.1,-10.3,3.1
"25","Monmouth","3830","Oceanport Boro",-10.2,-12.2,-25,0,0,NA,NA,38.5,-0.7,-0.7,-75,-35,-16.4,-13.1,-4.8,-16.2,25.9,-8.6,-23,33.3,NA,NA,NA,NA
"25","Monmouth","4360","Red Bank Boro",-2.8,-3.3,-11.6,-1.9,0,NA,0,-10.5,0,-0.299999999999999,-10.8,-15.9,17.8,-9.9,4.7,-1.8,-15.1,-15.9,22.5,4.4,NA,NA,NA,NA
"25","Monmouth","4365","Red Bank Regional",1.7,-3.4,4,9.7,4.8,NA,0,-7.1,0.699999999999999,0,NA,NA,NA,NA,NA,NA,NA,NA,NA,NA,-1.1,3.7,13.2,-8.3
"25","Monmouth","4520","Roosevelt Boro",-7.7,-12.9,-25,33.3,NA,NA,NA,0,0,0,-64.3,-12.5,-14.3,100,12.5,-20,0,NA,NA,NA,NA,NA,NA,NA
"25","Monmouth","4570","Rumson Boro",-7.1,-7.6,0,-10,-30,NA,NA,42.9,0,0.2,-32.6,-41.6,13.8,-22.2,12.5,-17.4,-0.8,-1.7,-22.4,32.1,NA,NA,NA,NA
"25","Monmouth","4580","Rumson-Fair Haven Reg",-1.9,-2.8,0,10.8,6.7,NA,NA,6.8,-0.2,-0.2,NA,NA,NA,NA,NA,NA,NA,NA,NA,NA,-2.9,-17.7,10.1,4.1
"25","Monmouth","4690","Sea Girt Boro",-2.6,-2.7,NA,0,0,NA,NA,-33.3,0,0,-56.2,-15.4,41.7,-21.4,87.5,-38.9,0,18.8,-26.1,50,NA,NA,NA,NA
"25","Monmouth","4760","Shore Regional",-4,-3.1,-22.2,-7.8,-42.9,NA,NA,36.4,-1.2,-1.1,NA,NA,NA,NA,NA,NA,NA,NA,NA,NA,-2.4,-14.7,3.7,-2.7
"25","Monmouth","4770","Shrewsbury Boro",-10,-11,-42.9,-9.1,0,NA,-100,41.7,0.2,0,-45.5,-30.6,20.4,-12,27.8,-39.6,-16.7,36.6,-39.7,-5.1,NA,NA,NA,NA
"25","Monmouth","4980","Spring Lake Boro",15,18.1,0,-40,-50,NA,NA,NA,0.6,1.2,36.4,0,36.4,-22.2,90.9,-22.2,4.8,37.5,28.6,6.2,NA,NA,NA,NA
"25","Monmouth","4990","Spring Lake Heights Boro",-0.6,-1.6,0,18.8,0,NA,0,0,1.5,0.9,0,-17.5,15.2,44.4,-6.7,-12.1,-12.8,8.1,-17.4,10.3,NA,NA,NA,NA
"25","Monmouth","5185","Tinton Falls",-6,-3.8,-10.3,-9,-8.9,NA,0,-11.8,-2.4,1,140,-11,5.5,-14.2,-2.1,-5,-2.8,-2.8,-20.4,0.7,NA,NA,NA,NA
"25","Monmouth","5230","Union Beach",-4.5,-8.2,-13.6,24.6,6.2,NA,NA,-9.1,-3.2,-0.8,-11.8,3.8,1.9,-18.5,-1.5,32.7,-34.7,-4.2,17.2,-12.1,NA,NA,NA,NA
"25","Monmouth","5310","Upper Freehold Regional",-2.7,-3.5,-3.9,7.3,-7.1,0,0,30.8,-0.5,-0.7,-10,4.1,-2.2,-4.3,-3.2,-6.5,9.8,-9.5,-15.6,4.5,-8.7,-1.2,-10.3,13.6
"25","Monmouth","5420","Wall Twp",-2.4,-2.6,-4.9,-4.2,-7.1,-50,0,17.8,-0.799999999999999,-1.5,2.9,-22.4,3.4,-1.7,-4,2.5,-3.4,-2.6,4.5,-2,-9.2,-8.2,1.3,18.4
"25","Monmouth","5640","West Long Branch Boro",-3.8,-7.2,-15.4,23.3,-10,NA,-50,-33.3,1,-2.1,-23.5,1.6,-6.2,-9.1,67.5,-33.3,20,-20.3,-9.9,-1.4,NA,NA,NA,NA
"27","Morris","0450","Boonton Town",-2.2,-5.6,2.7,8.7,-6.7,20,0,0,0.0999999999999979,-0.4,3.4,-24.7,25,-13.5,-17.4,13.9,4.1,-16.3,-1.1,30.9,6.9,-28.4,14.3,0
"27","Morris","0460","Boonton Twp",-4,-5.5,-50,42.9,4.2,NA,NA,0,-1.2,0,-26.3,53.6,-23.7,-2.5,5.1,-35.6,93.5,-20.5,-26.9,-6,NA,NA,NA,NA
"27","Morris","0630","Butler Boro",-2.4,-5.9,23.3,5.8,-5,NA,25,-8.3,-3,0.600000000000001,NA,1.4,6.2,7.6,0,18.3,-14.5,16.2,-10.6,27.5,-4,-1.8,-16,-6.8
"27","Morris","0785","Sch Dist Of The Chathams",-3.5,-5,-15.8,3.7,-1,0,NA,7,0.3,-0.2,60.7,12,-11.7,-10.1,-1.8,-3.8,-18.1,3.8,-12,3.8,-13.6,2.8,-10.2,14.6
"27","Morris","0820","Chester Twp",-3.3,-4.1,0,9,-14.3,NA,50,-18.8,-0.7,-0.1,0,-18.5,-10,12.2,-12.4,9.6,-5.9,-14.3,-3.5,13.4,NA,NA,NA,NA
"27","Morris","1090","Denville Twp",-3.1,-5.2,-19,7.4,0,0,0,9,-0.4,0,-26.8,-6.1,5.9,-0.6,11.3,6.5,-13.5,-1.6,6.8,-22.5,NA,NA,NA,NA
"27","Morris","1110","Dover Town",-2.2,-4.1,-5,-1.8,-12.1,NA,NA,-7.1,-2.2,0.200000000000001,17.9,-10,2.9,-9.1,-2.8,-17.4,3.2,-8.8,-13.9,26,-21.6,13.1,-8,23.2
"27","Morris","1190","East Hanover Twp",-2.8,-2.1,0,7.8,-15,NA,NA,0,-0.4,0,-28.6,-32.8,27.1,0,14.8,-8.2,3.2,1.1,9.1,-18.5,NA,NA,NA,NA
"27","Morris","1530","Florham Park Boro",-3.1,-6.4,13.8,11.1,1.9,NA,NA,-10.2,-0.3,0,-30.3,-8.6,-19.3,-4,38,-3.1,-2,-3.7,10,-16.9,NA,NA,NA,NA
"27","Morris","1990","Hanover Park Regional",-2,-3.1,2.1,-5.6,6.6,NA,-100,6.7,0.0999999999999999,-0.1,NA,NA,NA,NA,NA,NA,NA,NA,NA,NA,3.7,-12.6,0.1,1.5
"27","Morris","2000","Hanover Twp",-4.7,-4.5,-17.2,-2,-10.1,0,NA,4.6,0.7,0,NA,-9.3,-5.3,13.7,-27.2,0.6,1.3,-3.8,7.3,-10.4,NA,NA,NA,NA
"27","Morris","2010","Harding Township",-1.1,-3,-42.9,12.5,-25,NA,NA,112.5,0.4,0,0,-31.2,88.9,-31.2,24.1,-9.4,40.9,-32.4,10.7,-13.3,NA,NA,NA,NA
"27","Morris","2380","Jefferson Twp",-6.9,-7.6,13.2,-7,-3.1,-28.6,0,3,-1,-0.3,-54.1,-7.3,-14.8,-2.5,-15.1,-6.4,-7.7,-9.3,-6,-2.7,-3,0.5,-9.4,9
"27","Morris","2460","Kinnelon Boro",-3.3,-6.6,11.1,18.4,-5.5,-14.3,-20,77.4,0.4,-0.2,31.6,8,-5.8,-0.9,-12.5,6.1,-16.1,2.2,6,-0.7,-9.1,-7.3,-1.7,-9.1
"27","Morris","2650","Lincoln Park Boro",-4.3,-4.5,-13.3,-6.9,9.8,NA,-33.3,33.3,-3.3,0.6,-73.1,-6.6,-10.4,25,-8.4,-12.9,8.1,-16.8,-9.7,14.4,NA,NA,NA,NA
"27","Morris","2870","Madison Boro",-2.9,-2.5,-9.4,-3.9,-2.4,-100,0,-3,-0.7,0,-16.7,19.8,-17.9,-12.6,-5.8,-2.6,-9.9,5.7,-5,-11.5,2.3,4.8,-8.9,7.4
"27","Morris","3090","Mendham Boro",-1.2,-1.2,0,-8.3,0,NA,NA,11.8,0.0999999999999999,0.2,-33.3,15,-2.2,-2.3,-23.2,9.6,-27.1,30.2,-19.7,36,NA,NA,NA,NA
"27","Morris","3100","Mendham Twp",2.6,0.8,11.1,29.6,4.1,NA,NA,0,0,0,-36.7,16.4,3.8,29.9,8.8,12.7,-25,14.9,-8.2,6.1,NA,NA,NA,NA
"27","Morris","3240","Mine Hill Twp",1.2,-8.2,33.3,9.6,-19.2,100,NA,-23.8,0.599999999999998,-3.7,93.3,11.1,-35.3,-7.1,23.4,27.8,-12.2,-13.3,NA,NA,NA,NA,NA,NA
"27","Morris","3340","Montville Twp",-3.6,-5.5,-7.5,2.4,0.2,25,-19.2,-3.5,0.4,-0.5,-25,-17.6,17,-5.7,11.1,4.6,-14.2,-14.3,5.3,-3.2,-0.7,6.5,-9.8,-10.8
"27","Morris","3364","Educ Serv Comm Morris Co",117.6,166.7,0,80,0,100,NA,NA,-3.2,0,NA,NA,NA,NA,NA,NA,-100,NA,NA,NA,0,NA,NA,33.3
"27","Morris","3365","Morris County Vocational",5.5,1.4,15.8,4.6,13.1,0,0,5.6,-1.5,-0.3,NA,NA,NA,NA,NA,NA,NA,NA,NA,NA,2.9,3,12.4,3.3
"27","Morris","3370","Morris Hills Regional",-1.6,-5.8,6.1,5.6,-5,0,-25,43.9,0.800000000000001,-0.3,NA,NA,NA,NA,NA,NA,NA,NA,NA,NA,1.4,1,-9.1,-3.4
"27","Morris","3380","Morris Plains Boro",-2.9,-6.5,3.4,19,-7,NA,NA,300,-0.899999999999999,1.6,-8.7,-42,91.1,-35,-7.5,3,25.9,-21.7,22.4,-16.2,NA,NA,NA,NA
"27","Morris","3385","Morris School District",-2.4,-0.8,-5.3,-4.6,0,-66.7,-20,29.5,-1.6,-0.6,24.1,-3.9,-10.9,14.6,-23,14.9,-12.6,-7.6,-4.1,4.2,-12.5,-2,7.7,-1.8
"27","Morris","3410","Mount Arlington Boro",-7.7,-10.8,7.7,-5.6,-6.2,NA,NA,-8.3,-0.600000000000001,1.4,-60,-12.5,0,28.6,-21.9,-24.4,21.9,-39.2,16.3,0,NA,NA,NA,NA
"27","Morris","3450","Mount Olive Twp",-0.9,-0.7,7.8,-1.7,0.2,100,-37.5,-23.6,-4.5,-2.3,56.2,-12.6,10.5,-12.4,2.4,2.4,-5.2,1.7,0.3,1.1,-8.9,5.2,-11.2,19.7
"27","Morris","3460","Mountain Lakes Boro",-3.4,-3.8,5.7,-6.2,-3.4,-16.7,NA,16.7,-0.4,0,-12.5,-17.5,-2.9,-11.2,0,5.1,-13.8,23.8,-13.1,1.1,-2.6,-8.4,-1.8,5.8
"27","Morris","3520","Netcong Boro",-1.7,-12.7,43.8,4.6,25,NA,0,0,-3.3,-2,53.3,33.3,-30.8,-10,9.1,0,-31.6,55,-23.3,0,NA,NA,NA,NA
"27","Morris","3950","Parsippany-Troy Hills Twp",-0.8,-3.8,-2.7,1.3,1.4,-28.6,11.1,-6.1,0.299999999999999,0,-19.7,-5.8,3.7,0.4,5.7,-6.1,-3.5,4.5,2.4,-6.7,1.6,-2.6,3.8,-4.4
"27","Morris","4000","Long Hill Twp",-10.8,-12.7,-37.5,-9.1,0,-100,0,26.3,2,0.3,-38.9,-28.6,-12.8,-13.7,-8.3,-9.9,-2.1,14.3,-2.4,-17.6,NA,NA,NA,NA
"27","Morris","4080","Pequannock Twp",0.3,0.1,-6.2,0,-8.3,100,0,62.5,-1.2,0,0,11.7,-2.3,-20.3,8.6,0,-12.8,3.8,0,8.5,-1.8,2.4,-1.2,8.2
"27","Morris","4330","Randolph Twp",-4.9,-6.3,3.3,-0.4,-5.7,-16.7,-15.4,5.4,-0.9,0.3,-59.7,-16.9,3.5,-12.5,9.5,-9,-2.6,-12.3,9.6,-3.5,-8.9,-8.4,-2.8,-2.7
"27","Morris","4440","Riverdale Boro",-8.4,-13.1,-18.8,-8.8,47.4,0,NA,-7.1,1.1,-0.899999999999999,-50,-48,-18.8,26.7,7.4,-31.7,17.1,-11.1,-5.3,5.4,NA,NA,NA,NA
"27","Morris","4480","Rockaway Boro",-7.2,-12.3,4.8,-0.6,-11.8,NA,NA,44.4,-0.0999999999999979,0.800000000000001,-44.4,-21.4,-1.7,23.4,-27.9,13.5,2,-3.8,-25.4,0,NA,NA,NA,NA
"27","Morris","4490","Rockaway Twp",-3.3,-6.8,12.9,4.8,-4.1,50,0,-2.2,0.699999999999999,-0.6,10,-26.6,26.2,-17.4,-3,-16,7,5.2,-1.2,-4.5,NA,NA,NA,NA
"27","Morris","4560","Roxbury Twp",-2,-3.9,6,1.8,-2.9,0,0,5.9,-1.8,-0.2,NA,-1.5,-7.2,-1.3,7.5,-14.2,11.9,-4.7,4.2,-13.1,7,-3.4,-19.1,14
"27","Morris","5520","Washington Twp",-4.6,-5.3,9.4,-1.5,-11.9,-50,0,27.3,0,0.1,-100,-23.6,29.9,-31.3,37.9,-27.1,-6,14.2,-13.5,2.5,NA,NA,NA,NA
"27","Morris","5660","West Morris Regional",-5.8,-7,5.8,3,6.7,0,0,-17.4,-0.1,0,NA,NA,NA,NA,NA,NA,NA,NA,NA,NA,-8.8,-6.1,-3.6,-6.6
"27","Morris","5770","Wharton Boro",-8,-12.3,-21.1,-5.6,-12.1,NA,0,0,4.2,2.2,-100,-4.7,-8.6,-17.4,-17.1,21.2,-7.8,-30,-3,-3.9,NA,NA,NA,NA
"29","Ocean","0185","Barnegat Twp",0.6,-1.9,7.6,11.1,-5.7,50,33.3,-8.2,1,1.1,-12.7,-2.4,12.9,-4.3,0.4,4.8,-7.1,10.8,4.5,12.9,-10,12.2,-2.5,10.4
"29","Ocean","0210","Bay Head Boro",4.1,8.4,-33.3,-28.6,NA,NA,NA,-20,0,0,NA,16.7,16.7,16.7,7.1,14.3,16.7,0,-12.5,-22.2,NA,NA,NA,NA
"29","Ocean","0230","Beach Haven Boro",48.3,78.9,-100,-11.8,NA,NA,NA,200,0,0,66.7,-33.3,25,11.1,133.3,33.3,-33.3,750,NA,NA,NA,NA,NA,NA
"29","Ocean","0320","Berkeley Twp",-4.4,-5.5,-2.4,1.1,-2.4,0,0,-12.1,-0.900000000000002,0.100000000000001,-10.2,-8.4,0,5.6,-10.3,6.1,-3,-15.9,NA,NA,NA,NA,NA,NA
"29","Ocean","0530","Brick Twp",-2.3,-4.1,-5.4,4.7,-7.5,-23.8,-5.9,17.9,-1.2,0,47.3,-11.2,0.7,-11.4,0.2,-6.5,0.9,-14.8,7.2,-10.5,-9.6,1.5,2.8,-2.4
"29","Ocean","0770","Central Regional",3.3,2.2,6.2,6,-10,0,0,12.3,1,0.3,NA,NA,NA,NA,NA,NA,NA,NA,-4,11.4,-0.1,-2.7,6.7,5.8
"29","Ocean","1150","Eagleswood Twp",7.1,8.5,NA,14.3,NA,NA,NA,-33.3,1.2,-1,-64.3,22.2,-35.3,35.7,-23.8,0,84.6,NA,NA,NA,NA,NA,NA,NA
"29","Ocean","2350","Island Heights Boro",14.3,6.7,-50,133.3,NA,NA,NA,300,-1,-0.9,NA,26.3,50,7.7,6.2,23.1,-27.8,-14.3,NA,NA,NA,NA,NA,NA
"29","Ocean","2360","Jackson Twp",-4.4,-8.9,-1.1,10.8,0.2,12.5,-18.2,9.1,0,-0.2,-60.8,-12.1,-8.7,-2.9,-8.6,-1.9,-3.7,-12.3,0.6,-5.6,0.8,-6,6.5,-3
"29","Ocean","2480","Lacey Twp",-2.4,-3.2,3.7,-1.7,12.5,-50,-20,27.3,-1.2,0,11.1,-20.9,-0.8,0.8,-5.5,-1.2,-12.6,-3.9,-5.7,-1.3,5.8,-4.3,7.2,14.6
"29","Ocean","2500","Lakehurst Boro",-2.3,-2,-5.2,7.3,-33.3,-100,-66.7,0,-0.5,-1.8,-22.8,-17.1,-5.1,11.4,42.3,8,4,-21.2,6.1,30.8,NA,NA,NA,NA
"29","Ocean","2520","Lakewood Twp",-5.3,17.5,-14.3,-5.9,-9.1,0,75,-9.1,-2,1,-24.7,-23.9,-5,-10,-18.9,-15.2,-30.6,-1.9,-24.8,-1,-10.6,-1.2,-6.4,10.2
"29","Ocean","2550","Lavallette Boro",4,3.7,20,0,200,NA,NA,-100,-0.999999999999999,-0.7,NA,0,35.7,-14.3,20,-14.3,5.6,11.8,-31.8,53.8,NA,NA,NA,NA
"29","Ocean","2690","Little Egg Harbor Twp",-0.2,-1.2,16.9,-0.7,50,NA,0,0,-2.5,2.1,-25.2,25.7,8.6,-1.7,9.3,11.9,-1.1,11.9,NA,NA,NA,NA,NA,NA
"29","Ocean","2760","Long Beach Island",-4,0.6,-50,-27.8,20,NA,NA,0,-1,-1.7,4.2,-10.3,7.7,3.6,-8,-10.3,-6.7,-9.4,NA,NA,NA,NA,NA,NA
"29","Ocean","2940","Manchester Twp",-1.9,-4.3,-10.3,8.8,-2.1,-30.8,0,7.3,-4.4,0.100000000000001,-8.3,-15.7,11.1,-2.7,8.8,-16.2,12.8,-16.2,0.9,-7.7,5,-9,-3.4,3.7
"29","Ocean","3790","Ocean County Vocational",0,-1.3,-18.6,12.9,-10.8,300,-50,-8.6,1.5,-0.3,NA,NA,NA,NA,NA,NA,NA,NA,NA,NA,7.5,-7.4,-2.7,2.6
"29","Ocean","3800","Ocean Gate Boro",1.5,-3.2,80,0,NA,NA,NA,20,0.100000000000001,-2.4,-33.3,20,-5.9,80,-34.8,17.6,33.3,-6.7,NA,NA,NA,NA,NA,NA
"29","Ocean","3820","Ocean Twp",-3.6,-4.9,33.3,0,25,NA,NA,-4.5,0,-2.2,10.6,-13,-5,-20.8,27.3,-14.3,-6.3,-5.7,NA,NA,NA,NA,NA,NA
"29","Ocean","4105","Pinelands Regional",0.7,-0.3,17.6,4.2,-23.5,NA,NA,14.5,3.3,-0.199999999999999,NA,NA,NA,NA,NA,NA,NA,NA,-7,3.6,6.9,-2.4,8.5,-6
"29","Ocean","4190","Plumsted Twp",-7.9,-9.7,-5.8,7.7,11.1,-75,NA,0,-1.7,-0.5,-50,-19.2,-3.9,-13.1,6.4,-14.8,-1.2,-21.6,2,9.1,-2.6,-9.2,1.9,-23
"29","Ocean","4210","Point Pleasant Boro",-4.7,-4.6,22.2,-4.4,0,-50,-35.7,-14.7,-0.699999999999999,-0.7,-36.4,-8.4,-26,0.5,-17.2,6.2,-4.7,-9.9,-3.9,6.4,-12.8,22.8,-1,-2.8
"29","Ocean","4220","Point Pleasant Beach Boro",0.8,0.8,16.7,5.2,-21.4,-100,100,-16.7,0.9,0.5,0,2.9,6.1,48,-9.7,-18.6,32.4,-14.6,0,-2.1,6.9,-9.2,6.3,-5.6
"29","Ocean","4710","Seaside Heights Boro",4.7,-4.3,-17.6,8,0,NA,0,63.6,-0.200000000000003,1.7,-44.4,25,3.8,21.7,19.2,21.7,9.1,12.5,NA,NA,NA,NA,NA,NA
"29","Ocean","4950","Southern Regional",-0.3,-0.3,-8,1.3,-8.1,0,0,14.9,-1.2,-0.5,NA,NA,NA,NA,NA,NA,NA,NA,-16.3,10.7,-7.5,-4.1,2.9,14.6
"29","Ocean","5020","Stafford Twp",-1,-2.9,42.1,7.7,-3.8,100,100,9.4,-0.899999999999999,-0.2,-30.4,-9.5,5.1,18.5,-4.8,9.9,-16.6,12.4,NA,NA,NA,NA,NA,NA
"29","Ocean","5190","Toms River Regional",-4.5,-7.4,-3.4,4.5,-3.7,0,-13.3,0.6,-3,0,-14.1,-20.9,-6.7,-10.9,-5.2,-7.8,-2.3,-11.5,-5.6,-5.8,4.1,-5.6,-1.4,0.5
"29","Ocean","5220","Tuckerton Boro",-5.8,-7.6,-25,0,33.3,0,NA,66.7,-0.0999999999999979,-0.0999999999999996,-34.5,-2.4,-2.5,11.8,-16.7,12.5,-7.5,-7.3,NA,NA,NA,NA,NA,NA
"31","Passaic","0420","Bloomingdale Boro",-1.4,-1.9,-17.6,2.8,-20,NA,-33.3,55.6,-1,-0.5,-54.5,-1.6,15.4,-19.3,1.8,5.1,9.4,-14.3,-11.4,18.2,NA,NA,NA,NA
"31","Passaic","0900","Clifton City",-2.1,-2.9,1.2,-1.7,-5.5,10.8,0,8,0.399999999999999,-0.800000000000001,0.6,-11.1,-4.2,-3.8,1.1,-2.1,-7.7,-6.9,-4.9,7,6.2,-8.2,0.4,5.7
"31","Passaic","1920","Haledon Boro",-3.2,-9.3,-3.6,-2.1,1.3,-33.3,0,18.2,-5.5,-7.6,-6.2,-35.5,10.4,26.2,-14.7,0.9,-6.1,-1.7,22.9,-17.6,NA,NA,NA,NA
"31","Passaic","2100","Hawthorne Boro",-4.6,-9.3,-6,1.5,0,NA,0,19.4,1.6,0.3,-53.3,-6.6,-20.2,5.6,4.2,-3.4,-12.9,-2.7,9.5,-8.9,18.5,-26.3,10.7,-21.4
"31","Passaic","2510","Lakeland Regional",-1.2,-3.9,3.2,10.2,-16.7,60,-33.3,16.7,-5.2,-1,NA,NA,NA,NA,NA,NA,NA,NA,NA,NA,-21.3,-25.3,-3.7,-13.1
"31","Passaic","2700","Little Falls Twp",-0.1,-0.3,7.7,6.3,-11.1,0,-14.3,-20.7,-1.4,-2.3,5.3,-3.8,26.7,-27.7,46.2,-12.6,1.2,-4.5,-16.8,16.8,NA,NA,NA,NA
"31","Passaic","3640","North Haledon Boro",-3.2,-5.2,-21.1,16.2,-8.3,NA,-100,-50,-1,-0.3,NA,-3.2,-1.6,-14.5,-1.6,8.3,-11.4,14.8,-7.4,-11.1,NA,NA,NA,NA
"31","Passaic","3975","Northern Region Educational Services Commission",-17.6,-50,-16.7,-12.7,NA,NA,NA,-100,1.7,0.3,NA,NA,NA,NA,NA,NA,NA,NA,NA,NA,50,-40,-50,-4.7
"31","Passaic","3980","Passaic Co Manchester Reg",0.2,-12.5,-15.8,9.9,-14.8,-100,50,-33.3,-5.2,-3.1,NA,NA,NA,NA,NA,NA,NA,NA,NA,NA,9,1.6,3.4,-7.4
"31","Passaic","3990","Passaic Valley Regional",-6.9,-12.3,-3.8,0.9,5.3,0,0,11.1,1.8,-1.3,NA,NA,NA,NA,NA,NA,NA,NA,NA,NA,21.5,-21.5,-16.5,-5.2
"31","Passaic","3995","Passaic County Vocational",5.6,10.1,-4.9,4.3,9.4,66.7,-33.3,33.9,-4.1,-1.3,NA,NA,NA,NA,NA,NA,NA,NA,NA,NA,-2.1,-0.9,29.3,0.7
"31","Passaic","4010","Paterson City",-5,-3.2,-6.7,-5.2,1.5,NA,75,NA,-10.2,-0.8,-12.1,-20.3,4.3,-7.5,0.8,-11.4,-5.6,-2,-2,-1.9,-1.3,-4.4,-8.1,-1.6
"31","Passaic","4230","Pompton Lakes Boro",1.8,-2.2,-5.8,10.8,9.3,0,9.1,NA,-1.7,-0.8,-97,0,-12.6,-4.5,2.9,21.2,-12.6,4.9,7,-21.7,31.9,-28.1,14.5,11.9
"31","Passaic","4270","Prospect Park Boro",-5,-14.3,-6.3,-4.3,13.3,NA,0,-11.1,4.3,0.6,-15.3,-32.1,26.1,5.8,-14.9,-20,15.3,-15.7,12.4,-10.5,NA,NA,NA,NA
"31","Passaic","4400","Ringwood Boro",-4.5,-5.6,-18.8,1.9,0,-7.7,0,14.8,-0.8,0.5,-100,-7.5,-13.6,10,-13.3,-2.5,1.7,-4.6,16.9,-20.8,NA,NA,NA,NA
"31","Passaic","5200","Totowa Boro",-7.2,-8.9,-7.3,-2.4,-11.2,0,-100,NA,-0.100000000000001,-0.9,-46.8,6,14.3,-17,-7.7,-9.8,19.1,-23.2,-7.4,12.3,NA,NA,NA,NA
"31","Passaic","5440","Wanaque Boro",-3.7,-8.4,-13.3,11.6,5.4,-33.3,0,9.1,0.5,-0.2,-50,-4.7,2.4,5.2,-26,26.7,-23,15.1,-17.8,13.8,NA,NA,NA,NA
"31","Passaic","5570","Wayne Twp",-2.1,-3.3,1.5,4.1,-6.1,20,-44.4,17.4,-1.7,-0.7,-29.4,-21.2,-4.5,-0.8,3.6,-7.4,0.7,2.3,-8.6,7.4,1.6,-3.7,-5.9,7
"31","Passaic","5650","West Milford Twp",-4.7,-5.9,-9.3,4.6,0,0,0,7,-0.800000000000001,0.5,0,0.6,-15.1,0,-12.1,-2.7,-6.1,-10.4,4,-3.2,-5.2,1.3,-4.1,-3.7
"31","Passaic","5690","Woodland Park",5,4,0,5.5,16.7,NA,NA,8.7,-8.6,-2.4,395,-12.5,-1.6,5.5,-5.6,5.9,-8.3,-0.9,-11.8,1.6,NA,NA,NA,NA
"33","Salem","0060","Alloway Twp",-8.6,-10.6,10,7.1,NA,33.3,NA,-6.2,11.6,1,-16,-10.7,50,-39.4,-19,51.7,-31,-25.7,-7.5,-7,NA,NA,NA,NA
"33","Salem","1350","Elsinboro Twp",-4.3,-18.8,70,40,-100,NA,NA,-18.2,-4.9,4.6,NA,-54.5,9.1,0,87.5,-35.7,-22.2,5.6,137.5,-55.6,NA,NA,NA,NA
"33","Salem","2800","Lower Alloways Creek",1.9,1.9,0,NA,0,NA,-100,100,-3.5,-2.5,-42.1,5.6,0,41.7,-26.3,57.1,-16.7,13.3,-22.2,70,NA,NA,NA,NA
"33","Salem","2950","Mannington Twp",-12.9,-6.3,-31.6,-32,0,NA,NA,-28.6,-6.9,-1.6,-27.3,38.5,-44.4,13.3,-43.5,18.8,-38.1,11.1,-33.3,31.2,NA,NA,NA,NA
"33","Salem","3860","Oldmans Twp",-1.4,-1.7,6.5,-11.1,0,0,NA,0,-1.5,0.8,9.1,-3.7,-23.3,-17.1,25.9,20,-13.9,-19.4,17.2,-6.7,NA,NA,NA,NA
"33","Salem","4070","Penns Grv-Carneys Pt Reg",0.5,-7.9,-0.4,5.6,8.3,100,50,-10,-4.5,1.7,-29.7,1.2,-0.6,8.2,-3.3,5.8,-11.9,-4.9,14.4,25.6,7,6.5,-2.6,37.4
"33","Salem","4075","Pennsville",-1.2,-3.7,18.5,12.9,0,-33.3,0,-1,-0.599999999999998,0.3,-26.8,98.7,-42.6,0,1.5,-2.9,1.5,-7.5,2.9,18.1,-17.4,-13.9,11,4.5
"33","Salem","4150","Pittsgrove Twp",-0.1,0.6,-6.2,-1.8,0,-33.3,-100,2.5,-0.899999999999999,-0.5,-11.9,14.3,-0.9,-0.9,-11.4,10.3,13.5,-18.3,3.5,3.7,4.1,2.5,-7.2,0.4
"33","Salem","4280","Quinton Twp",-11,-10,-18,-9.7,0,NA,0,-8.1,-2.9,0.9,-4.3,12,8.3,-3.8,-3.6,-20.7,18.8,-14.7,8.1,-94.1,NA,NA,NA,NA
"33","Salem","4630","Salem City",-4.6,0.9,-6.7,-3,33.3,0,NA,0,-23.7,-0.6,-44.8,-6.6,-30.4,89.1,-23.7,-24.4,12.3,20.3,-30.3,31.9,21.8,-21.9,19.5,0.7
"33","Salem","4635","Salem Co Special Service",2.1,-2.1,12.7,0,0,-100,NA,-10,-10.3,-3.3,NA,NA,50,NA,-100,100,-50,0,50,166.7,0,-9.1,50,6.2
"33","Salem","4640","Salem County Vocational",-2.3,-2.5,-16.2,4.2,-42.9,0,NA,10.1,0,-0.4,NA,NA,NA,NA,NA,NA,NA,NA,NA,NA,-19,26.2,-0.3,-9.8
"33","Salem","5320","Upper Pittsgrove Twp",0,1.1,0,-8.3,NA,NA,NA,-14.3,-12.1,-1,-11.8,-20,17.2,-24.2,-3.1,31,-2.9,-20,11.8,15.6,NA,NA,NA,NA
"33","Salem","5910","Woodstown-Pilesgrove Reg",-7,-7.1,-1.1,-6,-38.5,NA,0,-10.1,-1.1,0.0999999999999996,-58.6,-34,-14.7,-4.8,-1,-11.3,13.6,-26,22,8.5,-13.4,-3.3,8,-8.4
"35","Somerset","0240","Bedminster Twp",-6.9,-8.4,0,-5.8,-5.1,0,0,0,1.9,-0.6,50,-41.8,-1.9,20.9,-17.6,13.6,-33.8,-12,28.6,-8.1,NA,NA,NA,NA
"35","Somerset","0350","Bernards Twp",-5.4,-9.4,-9.4,1,0.6,0,NA,-3.3,-0.2,-0.1,-33.3,-3,-19.7,1,-15.9,-5.6,-2.5,-6.3,-13.3,-3,5.2,-9.4,-3.5,2
"35","Somerset","0490","Bound Brook Boro",-3.2,-8.7,-0.8,-2.6,2.6,25,-15.4,-5.9,4.6,-0.7,-35.6,-1.7,-21.1,-7.9,20.7,-16.5,-15,6.2,-0.7,6.3,7.3,13.6,-12.7,13.2
"35","Somerset","0510","Branchburg Twp",-5.2,-8.1,-17.1,6.8,4,100,0,6.7,-0.2,-0.4,-13.8,-25.6,-7.7,0,-13.3,18,-2.3,-25.7,1.2,18.8,NA,NA,NA,NA
"35","Somerset","0555","Bridgewater-Raritan Reg",-3.4,-7,-2.4,-1.3,-1.4,42.9,-2.2,12.8,0.200000000000001,0.5,-9.1,-10.7,-10.8,3.3,-10.5,1.7,-13.2,1.8,-3.2,-0.1,-3.4,0.7,0.6,0.8
"35","Somerset","1610","Franklin Twp",-2.1,-4.1,-7.1,1.9,0.2,14.3,0,4.1,-2.7,-0.800000000000001,-18.7,-0.6,-11,-3,-0.2,-8.6,0,-14.8,-4.3,4.2,-5.7,9.1,-7.2,4.6
"35","Somerset","1810","Green Brook Twp",-8.7,-11.5,-6.8,0.8,-12.1,NA,100,-2.8,-0.3,0.2,-30,-19.2,-19.4,1.5,-6.8,-9.2,-11.8,-5.2,-6,-1.9,NA,NA,NA,NA
"35","Somerset","2170","Hillsborough Twp",-2.7,-7.9,-0.7,-0.6,4.1,28.6,-2.9,20.8,-0.5,-0.5,-35.4,-22,-0.2,-9.9,-2.7,6,-4.6,-0.9,-1.7,-1.2,-0.2,-0.5,3.2,-4.9
"35","Somerset","3000","Manville Boro",-4.2,-7.2,2.3,-2.7,-8.6,-50,100,7.4,1.40000000000001,0.5,-16.2,-35.5,15.5,-15.2,9.6,-3.7,-3.5,-16.4,19.5,-5.1,2.8,11.2,-15.8,3.3
"35","Somerset","3320","Montgomery Twp",-4.4,-12,3.7,4.3,-0.5,-20,-6.7,0.9,0.3,-0.2,-65.7,-16.7,-0.8,-3.6,-11.2,1.9,-19,5.8,2.1,-2.8,-10.7,6.1,-8.7,3.4
"35","Somerset","3670","North Plainfield Boro",1.1,2,-2.8,2,-3.2,16.7,100,5.6,-2.2,-1.2,96.6,-8.3,-0.9,6.8,-9.3,19.7,-17.7,-0.4,-4.6,-3.7,-14.4,4.4,11.8,18.3
"35","Somerset","4805","Somerset Co Ed Serv Comm",11.3,36.4,-10,52.2,-50,NA,NA,200,8.9,-2.2,NA,0,NA,-100,100,-100,NA,NA,-75,60,33.3,40,-9.1,55.6
"35","Somerset","4810","Somerset Co Vocational",1.4,0.2,-17.5,1.8,14.4,-50,-66.7,5.6,-2.6,0.2,NA,NA,NA,NA,NA,NA,NA,NA,NA,NA,-1.1,7.1,-1.9,5
"35","Somerset","4815","Somerset Hills Regional",-7.8,-8.9,-6.2,-6,-7.4,NA,NA,2.4,0.9,-0.2,NA,-55.3,19.1,-12,-24.8,-1.7,-3.5,-0.9,-20.3,-12.6,8.2,-6.8,-9.3,5.9
"35","Somerset","4820","Somerville Boro",-3.9,-4.8,-9.3,-3.5,-1.3,0,0,13.1,-0.300000000000001,-0.0999999999999996,-11.3,-7.3,-3.6,-16.4,-1.8,8.9,-16.8,10.4,-21.8,-4.1,-10.3,-0.9,-2.4,7.7
"35","Somerset","4850","South Bound Brook",-0.7,-11.8,2.8,5.3,-6.2,NA,0,0,-1.59999999999999,2,-31.8,-11.3,54.5,-25.5,36.8,5,-14.6,7.5,-16,-4.1,NA,NA,NA,NA
"35","Somerset","5470","Warren Twp",-4.7,-6,3.6,2.9,-5.2,0,0,-5.4,-0.2,0,-32.7,-6.7,-5.7,-0.6,-12.1,1.7,4.2,-8.7,-2.2,-3.6,NA,NA,NA,NA
"35","Somerset","5540","Watchung Boro",1,-0.9,10.5,11.5,-3.7,0,0,10.7,0.2,0,80,-8.3,-1.5,11.5,5,-7.8,16.9,-6.5,-22,14.7,NA,NA,NA,NA
"35","Somerset","5550","Watchung Hills Regional",-2,-3.7,20.3,-4.1,1.8,50,0,-8.6,-0.6,-0.1,NA,NA,NA,NA,NA,NA,NA,NA,NA,NA,-4.5,-11.9,2.9,5.6
"37","Sussex","0090","Andover Reg",-3.3,-4.7,-20,-6.9,45.5,NA,NA,17.6,0.399999999999999,-0.4,-17.4,48.6,-20.9,-2.6,-29.2,-4.2,6.8,-25.9,0,26.8,NA,NA,NA,NA
"37","Sussex","0640","Byram Twp",-0.5,-3.9,20,38.6,-28.6,NA,-100,7.7,-1,-0.6,-16.7,37.9,-19.8,20,-16.8,-1,23.8,11.2,6.2,-31.3,NA,NA,NA,NA
"37","Sussex","1560","Frankford Twp",-5,-7,-40,0,-50,NA,NA,47.6,-0.6,-0.3,-47.4,-12.7,15.9,-19.6,-17.5,11.5,0,0,5.4,-9.7,NA,NA,NA,NA
"37","Sussex","1570","Franklin Boro",3.3,-2.6,-22.2,42.5,-25,NA,NA,0,-0.799999999999997,3.1,-3.4,59.4,-13.9,-8.7,27.5,10.3,-14,0,40.6,-23.4,NA,NA,NA,NA
"37","Sussex","1630","Fredon Twp",-9.3,-11.6,NA,4.3,50,NA,NA,-25,-0.7,-0.2,-40,-42.4,121.4,-5.3,-29.6,-7.7,-21.2,11.5,NA,NA,NA,NA,NA,NA
"37","Sussex","1800","Green Twp",-7.2,-9.6,0,6.5,50,NA,0,11.1,0.0999999999999996,-0.7,NA,-40.8,17.1,2.6,5.6,-21.4,-23.5,14,-22.2,17.4,NA,NA,NA,NA
"37","Sussex","1930","Hamburg Boro",-17,-17.3,-17.9,-10.7,-27.3,NA,NA,0,-1.5,0.5,-16.7,-26.9,19,-8,-12.5,-15.4,-43.9,-23.1,27.8,-32.1,NA,NA,NA,NA
"37","Sussex","1980","Hampton Twp",-2.8,-3.1,0,15,-25,NA,NA,-33.3,2.5,0.4,22.2,-41.1,10.6,21.1,-15.2,50,-41.2,36.1,NA,NA,NA,NA,NA,NA
"37","Sussex","2030","Hardyston Twp",-10.6,-10.3,-20.7,-7.8,-21.4,0,NA,0,-1.1,-0.4,-13.8,-28.4,-14.5,13,-25.4,7.9,8.1,-16.4,-2.8,-22.8,NA,NA,NA,NA
"37","Sussex","2165","High Point Regional",-3.1,-3.1,4.5,-9.3,-6.7,-100,NA,150,0,-0.4,NA,NA,NA,NA,NA,NA,NA,NA,NA,NA,-8.8,-9.9,-2.2,11.8
"37","Sussex","2240","Hopatcong",-4.2,-9.1,13.8,5.7,-5.1,0,0,25,-0.299999999999997,1,NA,12.7,-14.2,9.1,-2,-16.5,-13.9,2.6,-0.9,2.6,-4.4,-11.7,4.7,-10.4
"37","Sussex","2465","Kittatinny Regional",-7.2,-8.6,-16.7,8.3,8.3,NA,0,25,-0.3,-0.2,NA,NA,NA,NA,NA,NA,NA,NA,-28.7,-0.7,6.5,8.8,-27.4,3.7
"37","Sussex","2490","Lafayette Twp",-1,-1.2,NA,0,NA,NA,NA,-25,4.2,-3,0,40,-5.6,-5,-4.5,5,17.6,-47.8,26.3,-20.8,NA,NA,NA,NA
"37","Sussex","2615","Lenape Valley Regional",2.7,-0.3,18.2,15.2,11.8,-100,-100,100,-7.6,-1.6,NA,NA,NA,NA,NA,NA,NA,NA,NA,NA,37.9,-23.1,15.4,-13.7
"37","Sussex","3300","Montague Twp",2.1,1.7,-16.7,0,-12.5,-50,NA,100,-8.1,1.9,-3.3,0,-21.6,36,21.7,-8.3,-21.2,44.4,27.3,-15.4,NA,NA,NA,NA
"37","Sussex","3590","Newton Town",-2.3,-6.5,-9.7,11.5,-13.8,-33.3,-20,11.8,-0.800000000000001,-0.5,0,-6.2,0,-7.9,16.7,-19.8,-22.4,13.3,-2.4,-10.3,-9.1,-5.2,6.7,5.4
"37","Sussex","3840","Ogdensburg Boro",-0.8,-3.1,20,12.5,100,NA,NA,NA,-0.300000000000001,0.5,-37.5,8.3,4.3,4.3,-4.3,8.3,-32.3,25,-7.4,82.4,NA,NA,NA,NA
"37","Sussex","4650","Sandyston-Walpack Twp",0.9,1,100,-40,0,NA,NA,16.7,-0.0999999999999996,0,NA,-13.6,118.2,-20,-12.5,-28.6,0,7.7,NA,NA,NA,NA,NA,NA
"37","Sussex","4960","Sparta Twp",-2.3,-6,15,44.2,4.5,-33.3,-14.3,166.7,-0.3,-0.1,-33.3,-3.2,-10,0.5,-2.9,9.5,0,-3.5,-7.3,7.2,-9.8,14.9,-13.1,0.4
"37","Sussex","5030","Stanhope Boro",-4.4,-6.8,-28.6,-1.7,-12.5,NA,NA,57.1,2.5,-0.6,-66.7,-3.2,-16.2,9.4,-6.1,22.2,7.7,-17.6,-27.5,25.8,NA,NA,NA,NA
"37","Sussex","5040","Stillwater Twp",7.5,6.2,NA,37.5,0,NA,NA,0,-1.6,0,56.5,-21.1,25,-17.6,54.5,-24.2,0,26.7,NA,NA,NA,NA,NA,NA
"37","Sussex","5100","Sussex-Wantage Regional",-4.2,-4.1,8.3,-6.8,0,NA,NA,-12.5,-1.9,-0.100000000000001,-100,-2.6,11.1,-12,6.8,-19.4,-11.3,0,3.1,4.2,NA,NA,NA,NA
"37","Sussex","5105","Sussex Co Ed Serv Comm",-7.5,-5.7,0,0,-100,NA,NA,0,-4,0.2,NA,NA,0,0,200,-100,0,NA,NA,-100,NA,-100,NA,-25
"37","Sussex","5110","Sussex County Vocational",-3.7,-7,33.3,24.3,12,NA,100,NA,1.9,-0.399999999999999,NA,NA,NA,NA,NA,NA,NA,NA,NA,NA,-2.7,-2.7,-6.8,-2.6
"37","Sussex","5360","Vernon Twp",-2.3,-3.5,-4.5,6,-16.3,-25,0,10.3,0.5,0.2,-47.7,-26.7,28.4,-6.9,-9.3,6,11.2,-5.6,-13,2.6,4.9,-12,4.9,10.9
"37","Sussex","5435","Wallkill Valley Regional",4.2,3.8,0,6.8,16.7,-100,NA,10,3.2,0,NA,NA,NA,NA,NA,NA,NA,NA,NA,NA,5.6,0,10.9,3.8
"39","Union","0310","Berkeley Heights Twp",-2.3,-4.5,-10,2,1.5,0,100,8.7,0.1,-0.4,-13.5,-11.5,-3.6,14.5,-15.8,4,-6.2,18.6,-12,-20.8,26.5,2.1,0.7,-15.7
"39","Union","0850","Clark Twp",1.3,0.2,8.8,2.4,9.5,NA,16.7,88.9,-0.4,0,22.2,-2.8,-4.7,-5.6,6.4,-4.1,0,-3.8,2.7,27.6,-9.2,7.1,0,7.4
"39","Union","0980","Cranford Twp",-1.7,-4.2,3.4,13.5,-1.3,NA,0,21.8,-0.5,-0.6,-18.4,-13,-3.9,2.5,0,-6,6.6,2.9,0,0.7,-17.3,4.7,-11.9,20.6
"39","Union","1320","Elizabeth City",-2.2,-5.2,-3.8,-1.6,3.8,116.7,-10.5,-9.1,-5.7,-1.6,-10.1,-3.2,-3.9,-5.7,-1.7,-2.4,-5,-0.7,-6.3,4.5,-9.6,0.9,13.2,1
"39","Union","1710","Garwood Boro",-3.1,-4,300,0,0,NA,NA,-33.3,3.2,-0.4,-60,18.2,-17.5,21.2,-25.6,60.7,-39.1,-8.5,35.3,-22.7,NA,NA,NA,NA
"39","Union","2190","Hillside Twp",-3.3,-5.4,-4.5,-2.1,5.4,40,44.4,41.7,-6.7,-1.1,-0.5,-20.1,-1,-2,2.6,-18.6,-3.6,-6.2,7.9,-11.2,5.6,12.8,-14.8,-3.4
"39","Union","2420","Kenilworth Boro",0.1,-0.7,-7.4,1.5,4.6,0,16.7,12.1,-0.299999999999999,-0.8,22.6,-8.8,4.9,-8.6,10.2,-4.2,11.6,-33.3,14.6,1.5,19.5,-16.2,26.6,-14
"39","Union","2660","Linden City",-2.9,-7.1,-4.7,-0.3,0.6,7.7,-20,3.7,-8.5,-4.6,-13.8,-5.4,-10.2,0.2,-2.8,-7.6,6.2,-8.9,13,-3.8,-2.9,1.3,1.5,-8.4
"39","Union","3395","Morris-Union Jointure Com",-1.4,-6.6,-2.9,6.4,0,NA,0,50,-1.6,0.4,NA,NA,100,NA,-75,NA,NA,100,-100,NA,-100,150,200,57.1
"39","Union","3470","Mountainside Boro",-4,-6.8,14.3,8.2,6,NA,NA,-9.5,-1.4,-0.2,-16.7,-3.8,-11.5,6.3,-1.3,2.6,1.4,-18.9,31.9,-26.3,NA,NA,NA,NA
"39","Union","3560","New Providence Boro",-2.4,-4.5,-2.9,0.8,1.7,0,33.3,16.7,-0.6,-0.2,-29.4,16.8,-24.7,5.4,0.5,-11.4,6.9,-9,-3.5,2.1,-9.6,11.7,2.8,-3.7
"39","Union","4160","Plainfield City",2.8,28.3,-2.3,4.1,18.5,-12.5,6.7,-15.7,-9,1.3,1184.6,-2.9,-6.7,7.3,5.4,-16.2,3.8,0,-4.4,2.1,-19.1,1.6,14.7,-2.6
"39","Union","4290","Rahway City",-1.4,-2.4,-2.5,-1.7,3.1,85.7,50,6.1,5.3,0.600000000000001,-11.9,-3.6,-14.7,14.5,-13.5,-1.9,-8.7,-6.4,-7,-0.3,5.7,2.8,8.6,2.2
"39","Union","4540","Roselle Boro",-0.2,-9,-2.3,2.9,-12.5,-16.7,0,36.4,-5,-3.6,2.7,-1.1,-15.3,3.2,0,10.3,-19.8,-6.5,18.2,-2.6,6.2,29.5,-22.7,12.6
"39","Union","4550","Roselle Park Boro",-1,-2.6,-0.8,0.7,-5.9,-33.3,0,-4.2,-0.600000000000001,-2.2,21,-3.4,4.3,0.8,-10.7,7,-19.2,16.9,-13.4,5.1,-8.8,4.4,0.3,-4.8
"39","Union","4670","Scotch Plains-Fanwood Reg",-3.6,-5.1,-2.4,-0.4,-2.1,-9.1,-10,3.4,-0.2,-0.2,-23.9,-22.9,-9.7,-5.6,8,-9.5,-5.4,4,-1.8,0.5,11.2,-12.8,9.8,-5.4
"39","Union","5000","Springfield Twp",-2,-4.6,8.3,0.4,-5.1,0,9.5,-2.9,0.199999999999999,-1,12.5,-26.3,8.1,-7.7,-11.3,-6.8,11,-13.4,4.5,16.7,-3.8,23.4,-35.8,30.5
"39","Union","5090","Summit City",-2.2,-1.1,12,-8.1,-1.6,80,NA,-7.4,-1.6,0.3,11.6,-11,1.4,-3.5,-4.9,-7.8,10.2,-6.4,0.3,-1.6,6.9,-8.7,6.4,4.3
"39","Union","5245","Union Co Ed Serv Comm",-19.8,-17.5,-15.7,-23.9,-6.7,NA,NA,-100,-2,-1.2,-50,NA,NA,NA,-100,NA,NA,NA,-100,-80,-78.3,-52.3,-6.9,108.8
"39","Union","5260","Union County Vocational",-1.4,-8.3,-1.8,-0.2,7.7,0,20,32.4,-0.899999999999999,-0.9,NA,NA,NA,NA,NA,NA,NA,NA,NA,NA,1.4,-6.7,0,-1
"39","Union","5290","Union Twp",-0.6,-2.5,-1.7,1.7,1.1,120,-17.9,3.4,-3.4,1.9,7.2,-3.5,-3.4,1.1,4.8,-4.5,2.2,-6.5,-3.9,8.7,0.2,-6.4,-1,1.8
"39","Union","5730","Westfield Town",-3.9,-5.8,-9.9,3.5,4,NA,0,14.7,-0.5,0,6.5,-13.7,-10.8,5.8,-4.3,-12.1,2.9,-1.6,-10,-2.1,-7.4,4.5,-0.5,-3.4
"39","Union","5810","Winfield Twp",-1.4,-6.5,-5.6,16.7,NA,NA,NA,-50,2.4,-4.9,0,-6.7,114.3,-53.3,-6.2,33.3,-25,14.3,0,-15.4,NA,NA,NA,NA
"41","Warren","0030","Allamuchy Twp",-1.2,-1.1,-13.9,5.9,-13.3,-100,NA,6.9,-0.6,1.4,1200,53.8,-42,-21.1,20.8,-11.1,54.5,-28.3,-24.6,23.3,NA,NA,NA,NA
"41","Warren","0070","Alpha Boro",-11.1,-13,-36.4,10,0,NA,NA,25,0.800000000000004,-0.7,-40,53.8,-36.4,10.5,-24.1,47.1,-33.3,35.3,-40,-28.6,NA,NA,NA,NA
"41","Warren","0280","Belvidere Town",-3.1,-5,-12.5,8.6,0,0,-100,31.2,-0.100000000000001,-0.4,-28,72.7,-62.1,30,-40,47.8,-8,0,-42.6,78.3,-4.5,2.2,5.7,-15.1
"41","Warren","0400","Blairstown Twp",-13,-12.6,-100,-13,-50,NA,0,-9.1,1.5,-0.4,-17.9,-33.3,14.3,13.6,-38.1,-7.9,-6.1,-18.7,NA,NA,NA,NA,NA,NA
"41","Warren","1620","Franklin Twp",-8.7,-13.7,-50,83.3,0,NA,NA,-33.3,-0.6,0.3,-33.3,25,-29.6,38.9,-24.1,0,27.3,-31.2,NA,NA,NA,NA,NA,NA
"41","Warren","1670","Frelinghuysen Twp",-5.1,-1.7,0,-33.3,NA,NA,NA,-22.2,-1.3,-0.7,-33.3,90,-31.2,-40.9,9.1,11.8,-26.1,16.7,NA,NA,NA,NA,NA,NA
"41","Warren","1785","Great Meadows Regional",-3.3,-7.5,14.3,21.9,15.4,NA,0,11.8,-0.4,-0.2,0,5,-6.2,8.3,-2.9,26.4,-14.3,8.2,-3,-28.1,NA,NA,NA,NA
"41","Warren","1840","Greenwich Twp",-8.5,-9.6,-16.7,8.1,-14,NA,0,28.6,0.399999999999999,-1.8,-57.8,-28.6,1.6,31.4,-38.2,19,-9.3,-7.3,2.5,3.6,NA,NA,NA,NA
"41","Warren","1870","Hackettstown",0.6,-3.4,1.5,9.1,-6.8,75,NA,16.7,0.300000000000001,0.2,38.9,-29,8.1,3.6,-1.9,-8.4,3.6,-5.9,2,-8.2,1.3,16.4,0,-1.5
"41","Warren","2040","Harmony Twp",-12.5,-11.4,-100,-16.7,NA,NA,NA,-25,0.199999999999999,-0.7,-50,-33.3,4.8,-16.7,23.8,-8.3,21.1,-47.2,37.5,-31.2,NA,NA,NA,NA
"41","Warren","2250","Hope Twp",-8,-9.3,66.7,0,-100,NA,NA,NA,-0.9,-2.1,166.7,-42.9,41.7,-28.6,45.5,-23.1,0,-35.7,18.2,-47.4,NA,NA,NA,NA
"41","Warren","2470","Knowlton Twp",-3.2,-5.1,NA,57.1,-33.3,NA,NA,-11.1,0.5,1.4,400,-40,-4.5,-18.5,62.5,26.7,-10.5,-16.7,NA,NA,NA,NA,NA,NA
"41","Warren","2790","Lopatcong Twp",-6.8,-12,11.2,-3.6,-9.1,0,200,NA,0.0999999999999996,-0.4,-57.1,-12,5.5,-21.3,-2.6,-8.5,-3.4,27.6,-21.1,-12.7,NA,NA,NA,NA
"41","Warren","2970","Mansfield Twp",-9.4,-12.7,-10.8,-3.1,-18.8,NA,NA,4.3,-0.200000000000003,-1.8,10,-50.5,-1.1,18.3,7.6,-13.7,2.8,-26.8,NA,NA,NA,NA,NA,NA
"41","Warren","3675","North Warren Regional",-6.1,-6.2,5.6,-8.9,-15.4,0,0,14.3,0.2,-1,NA,NA,NA,NA,NA,NA,NA,NA,0.9,-11.6,0,-10.3,-8.5,-6
"41","Warren","3890","Oxford Twp",-6.4,-12,600,33.3,12.5,NA,0,25,0.5,-0.5,-37.5,-48.1,66.7,-50,33.3,-41.2,9.7,-9.4,0,57.1,NA,NA,NA,NA
"41","Warren","4100","Phillipsburg Town",-2.3,-6.1,2.3,1.5,3.3,-20,25,3.4,-1.2,-1.3,-25.3,-17.6,9.9,1.7,-14.2,-4.5,-5,12.4,-6,-3.4,11.9,6.3,7.1,-16.1
"41","Warren","4200","Pohatcong Twp",-5.2,-11.7,26.7,41.7,0,NA,NA,0,-7.5,-3,-69.2,-36.8,54.2,-7.4,41.7,-7.4,-25.7,2.8,24.2,-25,NA,NA,NA,NA
"41","Warren","5460","Warren County Vocational",-0.7,-0.6,-10.5,-6.5,0,NA,NA,50,0.800000000000001,-0.6,NA,NA,NA,NA,NA,NA,NA,NA,NA,NA,4.3,-5.6,0,-2.4
"41","Warren","5465","Warren Hills Regional",-1.4,-4.7,6.3,8.2,-9.8,NA,-100,50,-1.5,-0.6,NA,NA,NA,NA,NA,NA,NA,NA,-4.9,1.1,7.9,-12.8,-10.2,16
"41","Warren","5480","Washington Boro",3.8,2.5,-6.1,1.9,27.3,NA,0,180,-6.1,-1.8,82.9,19,-16.2,12.3,8.8,23.4,-39.7,-9.5,NA,NA,NA,NA,NA,NA
"41","Warren","5530","Washington Twp",-8,-8.5,12.5,-13,0,NA,NA,-6.7,-0.0999999999999979,0.4,60,-5.4,11.1,-2.2,-29.8,-24.2,14.8,-21.4,NA,NA,NA,NA,NA,NA
"41","Warren","5780","White Twp",-12.8,-14.5,0,0,0,NA,NA,0,-1.2,1.6,-25,-8,-16,-8,-26.7,-10.7,-3.7,-20,-15.6,3.4,NA,NA,NA,NA
"80","Charters","6010","Academy Charter High School",-13.1,-50,-20.8,1.4,NA,NA,NA,-40,-5.19999999999999,2.1,NA,NA,NA,NA,NA,NA,NA,NA,NA,NA,-46.7,5.5,2.4,-11.7
"80","Charters","6013","Bergen Arts And Sciences Charter School",2.9,2.7,3.4,2.7,5.5,-100,0,0,4.2,2.1,NA,-1,0,0,1,0,-4.2,1.1,5.9,0,16.2,1.1,22.7,1.3
"80","Charters","6017","Foundation Academy Cs",0.1,-20,0.7,-0.6,0,NA,NA,0,-5.5,0.799999999999999,NA,-1.1,2.4,0,2.4,-3.6,-2.3,1.2,0,-1.2,-28.6,20,8.5,18
"80","Charters","6018","Central Jersey College Prep Charter School",19.5,11.4,17.3,34.1,17.3,800,NA,0,-3.3,1.4,NA,6.2,6.2,6.2,-4.2,26.8,36.7,25.7,45.1,42.7,60,-2.2,4.7,-8.5
"80","Charters","6020","Pride Academy Charter School",4.9,NA,4,11.1,25,NA,NA,NA,-9.10000000000001,3.8,NA,NA,NA,NA,NA,NA,2.7,8.7,4.2,4.2,NA,NA,NA,NA
"80","Charters","6021","Community Charter School Of Paterso",-2.5,-18.2,-4.8,-2.2,12.5,500,NA,NA,16.2,0,NA,-21.4,7.2,-3,-1,3,-2,2,-3,-4,NA,NA,NA,NA
"80","Charters","6022","Burch Charter School Of Excellence",-5.1,NA,16.3,-82.7,-66.7,NA,NA,NA,-2.09999999999999,3.2,NA,-3.3,0,-4.8,-10.4,-1.7,-11.4,NA,NA,NA,NA,NA,NA,NA
"80","Charters","6025","Paul Robeson Humanities  Charter School",11.3,NA,-4.2,14.7,33.3,NA,NA,NA,3.8,-2.9,NA,NA,NA,NA,NA,-13.2,1.3,2.6,2.6,1.3,NA,NA,NA,NA
"80","Charters","6026","Riverbank Charter School Of Excelle",0,-1.2,-21.2,7.7,10,-100,NA,NA,-3.3,0.6,NA,0,0,-2.6,2.9,NA,NA,NA,NA,NA,NA,NA,NA,NA
"80","Charters","6028","Vineland Public Charter School",13.9,-6.9,10.7,29.4,-25,0,0,12.5,-11,-5,-5.9,50,46.2,-24.4,16.7,38.9,13.3,17.1,2.7,9.4,NA,NA,NA,NA
"80","Charters","6030","The Ethical Community Charter School",-1.8,-12.3,-25,-4.9,20.9,-100,NA,0,5.40000000000001,0.4,NA,0,-4.3,4.5,0,0,0,-13.3,-8.7,7.1,NA,NA,NA,NA
"80","Charters","6032","Academy For Urban Leadership Charter School",-11.5,-75,0,-11.4,0,NA,0,-100,8.3,0.9,NA,NA,NA,NA,NA,NA,NA,NA,-41,-22.1,-20,11.8,-13.6,6.2
"80","Charters","6033","The Barack Obama Green Charter High School",3.9,-25,13.9,0,0,NA,NA,-100,12.8,-1.2,NA,NA,NA,NA,NA,NA,NA,NA,NA,NA,-25,-7.7,-32.8,96.2
"80","Charters","6036","Hola Hoboken Dual Lang Cs",-3.2,0.4,-57.1,-1.8,3.8,-33.3,0,-23.5,0.8,0.3,NA,4.3,-6.1,-10.4,-4.4,-10.4,-2.2,12.2,-6.8,-2.4,NA,NA,NA,NA
"80","Charters","6041","Hatikvah International Cs",5.4,-3.7,-16.7,29.4,24.8,NA,NA,41.7,1.1,-0.4,NA,-1.3,0,-2.7,53.1,-3.9,2,5.9,6.2,0,NA,NA,NA,NA
"80","Charters","6053","Great Oaks Legacy Charter School",12.2,-25,11.1,21.4,33.3,-28.6,NA,150,-1.8,-0.6,NA,2.6,-1.9,-4.9,97.6,-9.4,-4.5,41.6,9.9,-3.7,-3.5,-1.9,3.2,32.4
"80","Charters","6057","Peoples Preparatory Charter School",-0.5,-100,-3.9,15.3,0,NA,NA,NA,-8.3,0.5,NA,NA,NA,NA,NA,NA,NA,NA,NA,NA,-7.6,5.3,9.4,-7.9
"80","Charters","6058","Roseville Community Cs",3.7,0,7.7,-1.5,200,NA,NA,NA,1,-1.6,NA,25,0,-9.3,-7.1,11.5,NA,NA,NA,NA,NA,NA,NA,NA
"80","Charters","6060","Atlantic Community Charter School",-4.6,-33.3,-2.9,-9.4,-25,NA,NA,0,0.200000000000003,0.1,NA,-50,-2.2,-28.8,11.9,40.5,-19,35.7,8.3,10.5,NA,NA,NA,NA
"80","Charters","6064","Dr Lena Edwards Academic Charter School",-0.5,-100,-2.3,11.9,200,0,NA,NA,0.700000000000003,-2,NA,2.3,4.5,-2.3,0,-4.5,2.3,-11.1,-4.4,10,NA,NA,NA,NA
"80","Charters","6076","Benjamin Banneker Prep Cs",-0.6,20,-0.7,-4.5,-14.3,NA,0,NA,-10.4,0.5,NA,22.6,37.9,2.5,0,0,0,0,0,-35.6,NA,NA,NA,NA
"80","Charters","6079","John P Holland Charter School",13.7,-100,7.6,15.8,NA,100,NA,NA,3.10000000000001,-1.6,2.3,6.7,-7.8,6.3,207.7,18.2,9.5,0,0,0,NA,NA,NA,NA
"80","Charters","6080","Passaic Arts And Science Charter School",9.1,1.4,6.7,9.1,27.7,0,NA,-14.3,-10.4,-1.3,NA,6.9,-1.6,3.2,1.1,3.8,104.3,-1.1,-3.2,1.1,-1.2,11.8,9.1,21.6
"80","Charters","6081","Thomas Edison Energysmart Charter School",6.3,10.1,27.2,0,-0.6,0,0,23.8,-0.700000000000001,2.4,NA,0,2,-3.8,0,0,2,2,2,-2,-2.4,2.6,22.2,NA
"80","Charters","6082","Beloved Community Charter School",9.4,20.7,13,7.9,0.8,33.3,0,-12.8,6.8,-3.2,NA,-2.5,0,-2.5,0,0,0,0.8,1.7,0.8,-2.5,NA,NA,NA
"80","Charters","6086","Hope Community Cs",5.6,NA,0,7.8,NA,NA,NA,0,-0.399999999999991,-0.3,NA,-14.3,-25,0,-31,85.7,-7.1,NA,NA,NA,NA,NA,NA,NA
"80","Charters","6089","Compass Academy Cs",1.6,-6.7,-12.5,6.9,40,NA,NA,-50,-16.3,-0.699999999999999,NA,24.1,12,-16.7,-9.4,-5.4,6.2,NA,NA,NA,NA,NA,NA,NA
"80","Charters","6093","Jersey City Global Cs",4.8,-5.6,-2.4,-7.7,15.2,NA,NA,NA,-36.4,-6.2,NA,7,-10.2,11.4,0,27.7,37.5,-38.9,-22.5,69.6,NA,NA,NA,NA
"80","Charters","6094","Phillip'S Academy Charter School",4.9,-20,5.7,-6.4,50,-33.3,100,NA,-12.1,-4.3,-1.7,0,-9.9,80,4.7,-7.3,2.4,-2.2,-7,5.3,NA,NA,NA,NA
"80","Charters","6096","Paterson Arts And Science Charter School",11.6,6.2,-9.8,20.3,100,50,NA,NA,5.19999999999999,0.5,NA,20.5,0,-4,0,2.7,-2.7,4.2,2.8,7.2,13,18.6,3.6,NA
"80","Charters","6099","Link Community Charter School",-17,NA,-17.3,0,-100,NA,NA,-33.3,10.9,-6.5,NA,NA,NA,NA,NA,NA,-37,-17.1,-1.4,-10.1,NA,NA,NA,NA
"80","Charters","6101","College Achieve Central Charter School",12.8,0,11.6,12.9,33.3,NA,NA,60,10.8,2.2,NA,-2.8,-2.8,1,2.7,11.3,-0.9,0,4.4,17,26.9,-8.3,NA,NA
"80","Charters","6102","Cresthaven Academy Charter School",25.5,NA,12.5,27.2,NA,NA,NA,NA,-24.7,-7,NA,0,1.3,0,0,NA,NA,NA,NA,NA,NA,NA,NA,NA
"80","Charters","6103","Empowerment Academy Charter School",16.9,14.6,5.9,22.6,30.4,100,-16.7,9.5,0.700000000000003,0,NA,6.2,1.6,-4.8,-0.8,1.7,-2.5,NA,NA,NA,NA,NA,NA,NA
"80","Charters","6105","Hudson Arts And Science  Charter School",-5,-11.6,1.7,-1.7,-38.5,30.8,0,-75,-7.59999999999999,-2.5,NA,-43.2,-20,10.1,9.2,4.4,44.4,-12,0,-8.5,NA,NA,NA,NA
"80","Charters","6106","PhilipS Charter School Of Paterson",57.5,0,60,57.9,0,NA,NA,50,-0.400000000000006,1.7,NA,-2.6,3.8,0,NA,NA,NA,NA,NA,NA,NA,NA,NA,NA
"80","Charters","6107","CamdenS Promise Charter School",-2.7,NA,-10.1,-1.2,0,NA,0,-16.7,2.39999999999999,3.1,1.7,-2.2,-5.2,4.7,1.8,0,-2.8,-5.6,-7.8,4.8,-4.3,-4.7,-2.6,-11.2
"80","Charters","6109","Lead Charter School",-17.9,NA,-23.2,0,NA,NA,NA,NA,26.1,0.4,NA,NA,NA,NA,NA,NA,NA,NA,NA,NA,-14.1,-35.7,-47.8,183.3
"80","Charters","6110","Achieve Community Charter School",-41.9,-40,-40.8,-50,NA,NA,NA,NA,-7.5,-3,NA,-98.3,4.1,-32.8,29.8,NA,-100,-60.3,NA,NA,NA,NA,NA,NA
"80","Charters","6183","Trenton Stem-To-Civics Cs",-1.3,-42.9,-3.7,1.9,0,0,NA,500,12.7,3.8,NA,NA,NA,NA,NA,NA,NA,-48,26.2,-9.1,16.5,9.8,1.3,0
"80","Charters","6230","Classical Academy Charter School Of Clifton",9,19.4,-26.7,24.1,-14.3,NA,NA,NA,-10.4,3,NA,NA,NA,NA,NA,NA,NA,-23,39.6,27.5,NA,NA,NA,NA
"80","Charters","6232","Environment Community Cs",3.5,NA,2.9,4.6,NA,NA,NA,NA,-2.39999999999999,5.5,NA,-61.7,-13.3,-24.2,-14.3,70,-8.7,16.7,700,NA,NA,NA,NA,NA
"80","Charters","6240","Freedom Prep Charter School",-5.3,-20,-10.3,-0.8,NA,NA,-66.7,-10,-14.3,-1,NA,-44.4,-3.2,-11.8,8.8,36.7,-9.7,18.3,9.4,5.4,-45.7,36.4,38.5,40
"80","Charters","6320","Discovery Cs",-5.4,0,-9.1,300,NA,NA,NA,NA,-9.2,3,NA,NA,NA,NA,NA,-6.7,-12.9,-6.9,4.5,NA,NA,NA,NA,NA
"80","Charters","6410","East Orange Community Cs",0.4,100,1.4,11.5,-100,0,NA,-100,-8.5,3.6,NA,-20.6,15.3,1.1,10.3,-2.2,NA,NA,NA,NA,NA,NA,NA,NA
"80","Charters","6420","Elysian Cs Of Hoboken",-0.7,-3.4,22.2,0,-3.7,NA,NA,40,-0.300000000000001,0,NA,0,0,-6.2,3.1,-3.1,0,-3,3.1,0,NA,NA,NA,NA
"80","Charters","6430","Englewood On The Palisades Charter School",-4,40,-8.7,-6.3,29.4,NA,0,0,-0.600000000000001,-1.7,NA,-27,0,11.1,-2.8,-8.3,12.9,-22.5,29,-18.9,NA,NA,NA,NA
"80","Charters","6635","Greater Brunswick Cs",-0.5,0,-18.6,1.5,0,NA,NA,100,-1.69999999999999,-1.4,NA,-13,4.5,0,0,0,0,-8.3,0,16.2,NA,NA,NA,NA
"80","Charters","6665","Gray Cs",5.8,14.3,0,9.6,-12.5,NA,NA,0,3.5,-1.4,NA,-10.9,0,6.8,9.1,-2,53.1,-29.4,17.9,33.3,NA,NA,NA,NA
"80","Charters","6720","Hoboken Cs",0.3,8,-3.7,-11.6,5.6,NA,NA,-5.3,0.200000000000003,1,NA,0,0,0,0,0,0,0,0,0,4.2,4.2,-7.7,4
"80","Charters","6740","Hope Academy Cs",1.2,-50,-5.7,6.4,0,NA,NA,-16.7,-7.7,5.8,NA,-37.5,0,21.2,39.1,0,-4.2,-4,8.7,9.5,NA,NA,NA,NA
"80","Charters","6810","International Charter School",-1.1,NA,-43.8,8.1,NA,NA,NA,NA,1,0,NA,83.3,16.7,-11.1,-61.1,-33.3,NA,NA,NA,NA,NA,NA,NA,NA
"80","Charters","6910","Jersey City Comm. Cs",0.3,11.8,-3.2,6.7,0,NA,NA,NA,-6.3,-1.9,NA,-10.6,-2.9,-2.9,18.3,-3.1,0,-1.5,0,7.9,NA,NA,NA,NA
"80","Charters","6915","Jersey City Golden Door Charter School",3.2,1.9,0.8,-5.4,8,75,-14.3,0,-5.4,-1.7,2.3,-2.9,0,7.4,14.3,-17.8,7.2,30.2,2.3,0,NA,NA,NA,NA
"80","Charters","7109","Leap Academy University Cs",1.4,0,-1.1,3.2,0,NA,NA,0,4.5,1.6,NA,0,-7.8,8.5,6,1.7,-4.5,9.3,-10.2,0.8,-9.8,17.1,9.3,4
"80","Charters","7115","Learning Community Cs",-3,-4.8,-2.4,1.6,0.5,NA,25,-19.1,0.899999999999999,-0.9,-25,-9.1,0,-1.5,-1.5,0,0,6.1,-1.5,-4.7,NA,NA,NA,NA
"80","Charters","7210","Marion P. Thomas Cs",-3.3,100,-5.4,20.7,NA,NA,0,150,-4.5,-4.1,-20,-10.5,27.2,-5.5,-13.8,-5.7,19.4,-20.7,12.2,31.9,-33.6,-21.4,0.7,17.3
"80","Charters","7290","New Horizons Comm. Cs",-17.7,NA,-18.8,-12.9,NA,NA,NA,NA,-2.7,2.7,NA,-54.3,-49.2,-16.2,-11.9,-2.9,8,-25.4,-12.5,-10,NA,NA,NA,NA
"80","Charters","7320","North Star Academy Charter School",6.4,1050,197.9,-77.3,150,1000,NA,60,1,-1.3,NA,-1.4,0.9,2.3,2.7,18,0.7,21.8,3,1.5,5.8,22.3,-2,22.5
"80","Charters","7325","Team Academy Charter School",10.1,-66.7,4.8,57.4,-25,-100,-75,60.1,-0.0999999999999943,-0.799999999999999,NA,2.3,25.8,2.4,2.4,2.9,6.9,36.1,3.5,0,-5.1,49.5,4.4,31.4
"80","Charters","7410","Charter~Tech High School",1.6,0.9,7.2,-4.4,0,NA,0,0,-1.80000000000001,-1,NA,NA,NA,NA,NA,NA,NA,NA,NA,NA,3.7,-3.1,-5.2,13.3
"80","Charters","7500","Pace Cs Of Hamilton",10.8,22.7,1.1,13.9,0,NA,NA,0,4.5,-0.900000000000002,NA,20,11.1,12.8,2.2,-2.2,7.1,-2.2,7.5,66.7,NA,NA,NA,NA
"80","Charters","7503","Paterson Cs For Sci/Tech",3.1,3.3,2,3.5,0,NA,NA,NA,12.4,-4.4,NA,0.7,0,0,-0.7,0,50,0,-3.1,2.2,12,-10.2,-8.7,7.8
"80","Charters","7540","Princeton Cs",0.7,0,-10,-8.3,3.3,NA,0,2.2,0.2,-0.5,NA,2.5,2.4,0,0,0,0,0,2,0,NA,NA,NA,NA
"80","Charters","7600","Queen City Academy Cs",5.6,NA,2.5,7.3,NA,NA,NA,-100,-31.1,-8.5,NA,5.6,5.6,5.6,5.6,5.6,5.6,5.6,5.6,5.6,NA,NA,NA,NA
"80","Charters","7720","The Red Bank Cs",1.5,3.9,0,-1,0,NA,NA,NA,-1.5,-1.2,0,0,0,5.3,-5,0,0,17.6,-15.8,15,NA,NA,NA,NA
"80","Charters","7727","Ridge And Valley Cs",-7.5,-11.2,NA,-10,NA,NA,NA,14.3,0,0,NA,-6.7,0,14.3,-6.7,6.7,-14.3,0,0,-52.9,NA,NA,NA,NA
"80","Charters","7730","Robert Treat Academy Cs",0,-16,0.9,0.5,0,0,NA,0,-6.2,-1.7,NA,-6.2,1.3,-2.5,-1.3,3.8,4,-2.7,7,-2.9,NA,NA,NA,NA
"80","Charters","7735","Maria L. Varisco-Rogers Cs",0.2,NA,-3.1,0.9,-42.9,NA,NA,NA,-1.7,-1.6,NA,0,-3.1,0,0,0,0,0,5.1,0,NA,NA,NA,NA
"80","Charters","7830","Soaring Heights Cs",1.9,14.8,-4.3,4.8,0,NA,NA,NA,-4.1,-4.4,NA,9.1,-52.9,108.3,-8,4,-48,104,13.6,0,NA,NA,NA,NA
"80","Charters","7850","Sussex County Technology Charter School",-0.9,0.5,50,-18.5,-33.3,NA,NA,14.3,15.2,0,NA,NA,NA,NA,NA,NA,NA,0,-7.6,5.5,NA,NA,NA,NA
"80","Charters","7890","Teaneck Community Cs",2.7,-7.9,4.7,12,-9.7,NA,0,-4.5,0,-1.5,NA,0,25,0,0,0,0,0,0,0,NA,NA,NA,NA
"80","Charters","7891","College Achieve Greater Asbury Park Charter School",19.1,0,20.5,9,-100,-100,NA,NA,14,4.2,NA,-52.9,35.5,-14,21.4,NA,-19,-43.8,7,19,NA,NA,NA,NA
"80","Charters","7892","College Achieve Paterson Charter School",34,100,20.6,41.1,NA,0,NA,0,2.2,-1.3,NA,0,3.2,4.3,5.3,NA,-5.3,8.5,9.6,7.4,NA,NA,NA,NA
"80","Charters","7893","Ocean Academy Charter School",35.1,60,30.8,34.8,NA,NA,NA,NA,11.6,-4.4,NA,-1.5,78.8,-4.9,13.2,60,NA,NA,NA,NA,NA,NA,NA,NA
"80","Charters","7895","Achievers Early College Prep Charter School",53.5,700,64,42.1,NA,NA,NA,NA,-1.40000000000001,7.4,NA,NA,NA,NA,NA,NA,NA,-10.9,26.8,NA,NA,NA,NA,NA
"80","Charters","7896","Middlesex Charter School",45.7,15,60.6,41.8,50,NA,NA,166.7,-8.3,-0.0999999999999996,NA,42.9,26.3,17.1,60.9,NA,NA,NA,NA,NA,NA,NA,NA,NA
"80","Charters","7897","Creativity Colaboratory Charter School",52.6,710,0,-29.3,NA,NA,NA,33.3,-4.4,0.899999999999999,NA,NA,NA,NA,NA,NA,100,95.8,4.2,4.3,NA,NA,NA,NA
"80","Charters","8010","Union County Teams Cs",8.7,0,7.6,7.7,NA,NA,NA,NA,-26.7,4,NA,700,-5.3,0,-4.8,4.8,4.3,10,-10.3,-2.5,40,6.5,-15,21.9
"80","Charters","8050","Unity Cs",3.8,-3.9,21.2,3.7,12.1,NA,NA,13.3,-0.799999999999999,-2.6,NA,47.4,-10.7,20.8,-7.4,-19.4,-3.4,50,-23.3,14.3,NA,NA,NA,NA
"80","Charters","8060","University Academy Cs",1.9,20,-2.4,7.6,2.6,NA,NA,NA,-3.5,-1.6,NA,NA,NA,NA,NA,NA,NA,NA,NA,NA,-1.7,4.4,4,1
"80","Charters","8140","Village Cs",1.4,NA,1.5,250,NA,-100,-100,-100,7.2,-5.1,NA,2.5,2.6,0,0,2.5,7.5,-4.9,2.5,0,NA,NA,NA,NA
